seq,class
TATGGACGCAGGTCTGGGCAT,0
TATGGACGCAGGTCTGGGCA,0
AATGGACTCGGAGCGCAGAT,0
TATGGACGCAGGCCTGGGCAT,0
TAACAGACTCAAGACTCTGA,0
AATGGACTCGGAGCGCAGA,0
CAATGGACTCGGAGCGCAGAT,0
CAATGGACTCGGAGCGCAGA,0
CGGGGTTGTGGAGGAGCAT,0
TGGTCGAATTCAGACGCTA,0
AAGAGGAGTGGGAAGTCGAAC,0
AACGGACTCGGAGCGCAGAT,0
ATGGAGAGTTGAACGGTAA,0
AGGGTTACTGTATCACCCTCTA,0
AACTCGTACTGGAAGCCCTGA,0
CAGCAGACAAAACTATGGACAT,0
GAGTATTTGGACGATTTCT,0
TAGGTCTAGGGGCCTGATC,0
TAAGGACCGCTCTGATCCGTGAAGC,0
TAAAGGACTTCGAACCAGCCCTG,0
TAAGGGCTTCTCTGGCAGC,0
GAACAAGCAGAACCTCTGAC,0
ACGATCTGCAGCGCTTTTCGT,0
CAGGACAGAAGACCGACACA,0
TATGTTCGGAATCGGATT,0
CACGCAGGACAGAACAAGACGA,0
CAGGACAGAACAAGACGATA,0
GCGGAAGGATGGCAACTCTGTA,0
AGCGAATCGAACGCTGGAA,0
CAGGACAGAAGACCGACACAG,0
CATCGTTATGGACGCAGGTCT,0
ACCGACTGTTGAAAAAAGACGCCA,0
ATGGACCTCGACAAGCTGGAC,0
AACTGGATTGGAAGAACTTGGGAC,0
TGTGGATTTAGGGATTCCAA,0
AGGCCAGGATTTCTGCTGT,0
CAAACCTTTGGACTTTGGAA,0
TAATGCGTCGGGCTTCGCT,0
TACAGGGTAGCTGACTCGCAG,0
AGGACAGAAGACCGACACA,0
TAGCGTTACGGTCCGAACT,0
TATCGGAAGAGCTCCAGGAC,0
AAGAACAGGCGAACCGACACCG,0
CGGGGGAAGATGACCTCAA,0
AAAACGGGCTAACGGAACGGTCC,0
TAATGTAGCATTCCGGGCCA,0
TATCGGACAAGAATGGTGGA,0
AAGATGAGACTGTCATTCCTGATT,0
TATGGTTAGACGCACGGAACA,0
CAGCAGACAAAACTATGGACATC,0
ACTCCGACAGATACTCGGCGA,0
AGGGATTTAGTACCTGCTAA,0
GGGTGGAGCCTGCGGCTT,0
TGGGTCTTTGGATAGGCTGA,0
TGAGGTCTTCGAACTTCCAA,0
AAAGGACGACAAGTACTTGCCC,0
ACCGGACCATGGCAGATTCT,0
ACGGGTTGAAGGAAGGACACTA,0
CAATGGACTCGGAGCGCAG,0
CAGGCGTTGGAACTCCGACAGAT,0
GACCCTATGGACCTGAGCAG,0
AAACGGCTTTAGACGGACAGAT,0
TAGGGCTAATTTGCACGTTGGCAT,0
GAGACTGAGGAGGAACACCAG,0
CAGGACAGAAGACCGACAC,0
TAGTGGTCGTAGACCGCCTG,0
TAGGAAGGATTGTACTGCGG,0
TATCCGGTTCTGGGCATTTGG,0
ACAACGGACTCGGAGCGCAA,0
TAAGCTGTGGATGGACATG,0
AGGCAAATGTACGCTCCAA,0
TACAGGCGCAAGACCTGCAA,0
TAGCGATTGGGCTAGATCT,0
AAGTGGAGTGGGGAATGGTGGA,0
CGAACAAGCAGAACCTCTGAC,0
ACGATCTGCAGCGCTTTTCG,0
GGCGGAGCAATCTGGCAACAA,0
ACAGGGTAGCTGACTCGCAG,0
TAGGGCTCCGGGCACTGAA,0
AAGGACCGCTCTGATCCGTGAAGCT,0
TACAAGGGACGAAGTGTCT,0
ACCCCGAGACTGACGGAC,0
TAAGTGGATTGTAGTGGCTTTC,0
TAAGCGGAACAGAAATCGT,0
CACGGACGAAGACGATGTAGCGA,0
TAGAGGGGGATTCTAATTCTGAA,0
ACTCTTACTGAGAGCTCGGACAT,0
AAAGGACGACAAGTACTTGCCCC,0
AAGGACAAGGGCAACGAGCACA,0
TGGATTGGAAGAACTTGGGA,0
AAGGAGGGTGTGGTTCTGAA,0
TAGTCCGAGAGACCCTGAAC,0
TAGAGGCGTGAACGGACGA,0
TACCCTTTGGACTGAAGGTCGGACC,0
TAGGATTTGGATCATCTCGG,0
GGAAGGATCGTACTGCGGAAACGG,0
AAACGACTTTAGACGGACAG,0
TACGTTGGTGGTGCGTAGGGTTA,0
AAGCGGAGGAACAGAACAACACC,0
TATCGGACAAGAATGGTGGAC,0
CAGGCGAGGGCGCTCTGCT,0
CACCTGGCCTACACTCTGAAACAGC,0
CTTGTTGGGAACTTCGTCTC,0
GGGAACATGTAGCAGTTGAC,0
TAACTGTTGAATTGTGTGCTGAA,0
GCTGTCCTGGACTGGCAA,0
GCCTACCGGAACATGAGCAA,0
ACGATCTGGTCGAATTCAGACGC,0
TACGTGACGGAAAGTGGGCA,0
GCGGGCAAAGGCTGGTTCA,0
AAGGACACAAGGCTGTTGACCAT,0
TAGATAGATTCTGCTCACAAGT,0
TAGGAAGGACTGCACTCCTT,0
TATGTGGATTGTAGTGGCTT,0
CAAGCCGTCGACTTTGAGGCT,0
AATTTGTAGAGGACGACGAA,0
TAGGGAGTTTGGTTTGTATCT,0
GACTAGGGATCGGACGGT,0
CATGAGCGGAATGGTGGACCGCT,0
GACTAAGGTAGAAACCGACGCC,0
GGAATCGGATTCGGAACC,0
TATGGCACAGGCGCTTAGGGCAT,0
CAACAGGACGATGGCAGCT,0
AGCAGGCCCAGGAACTTGGT,0
CATGCAGATCTTCGTCAAGACTTT,0
CAGGCTCTGTACGACCTCGAGACG,0
TATGGACGCAGGCCTGGG,0
GGACATGGTTTTGGACGAA,0
TACGACATTGTCGGCAAGTACCT,0
CACAAAGCCGGACTCCAAGGCGAT,0
CACGCCGGATAGCTTGGGCCATA,0
AGAGGGCCAACCTCTCGGCAGAA,0
ATGGCAGAACGTCCGAACA,0
ACTGACGGACAGACCGAG,0
TACAGGGTAGCTGACTCGC,0
CAGGAACTGGACCAAAAGCTG,0
GCAGGCAAATGTACGCTCCAA,0
TAATTCTGAACCTGAAGACG,0
TAGCTAATCTGGCTGTTCGT,0
TGTGAGAGATAGAAATCTGGATCG,0
AACGGACTCGGAGCGCAGATA,0
TAGACATCTGGACCACCGAGG,0
ATGCCGACTAGGGATCGGACG,0
AACGATTGTCCAACTGCTATCTGAA,0
GCCTCGCGACTATTCGGACGAA,0
TATCATACGGACGGCATTGTTCTG,0
AAGCGACGACATGGTTAACTTGA,0
TTTGTAGAGGACGACGAAA,0
TACGAAGAACAGGCGAACCGA,0
AGGGGGAAGAATACCTGACG,0
TAGGATCTGGGTTTTCGAACTGC,0
ACGGAACGCAAGTTGGTTCTCT,0
CAGACTCAAGACTCTGACCGC,0
TGGATCCGTTGCTGCTTTGCGCAA,0
CAGAGACAGGCGTTGGAACTCC,0
TGGAAGCGTTAGGGGCTTTG,0
AACGACTTTAGACGGACAGA,0
AACGGACTCGGAGCGCAAA,0
GAGTGGGGATGGAACTTCGTCAG,0
ATGCGGGCTTGACTGCATAGAACA,0
TGTGACATTTGGACCATGAGA,0
GCAACGTTCGGATTAGCT,0
CATCAAGTCGGGTGACGCTGCCAT,0
GAGAGCGGGTCTCTAGGGCGA,0
CAAAATGCAGGACCATGGACGA,0
TAGCTCTAAACGTTGGGCGA,0
AGGATGGCAAGATCTTCTTA,0
TATCGAACCCTGTATGCAGG,0
AGAGCTTATGTGGCCTACCTGCA,0
AAGGGATTGCGGGAACCGGTCAC,0
AGGGGTACCGGCTCGAATCCCA,0
GAGGCAAAGGACGCTGAGAAG,0
TAGGGGCTAGCAACTACGACCT,0
AGCAGGCAAATGTACGCTCCA,0
TAGTGCTCGGGACCGAACCCCGAA,0
CAGGACAGACGAAAACTGGCG,0
GGGGAAGATGACCTCAAACA,0
AACCGACTGTTGAAGAAAGACGCCA,0
TAGGTAGGTACATGGAGCGCTCGGT,0
GAGGACAATTGAGAATCAAGGAC,0
GAGGTGCAGTAGAGGGCTGAAT,0
ACAAGTGTGGGCTCGACGGCAC,0
GCCAAGACGGACTGAACGATGG,0
TATGGATGAACAAGTGGACGATC,0
TACGACAAAGAATTGCTAGCCA,0
TAGCGGCTTAAAACCTTCTGTA,0
ATGGGAATTTTTGGAACCAA,0
AAGAACATTGGGACCAAGTAGA,0
ACGGATCAGAGCGGTCCTCAA,0
ACAGGCGTTGGAACTCCGAC,0
TAAGCCGCTAATCTCTGATCCAG,0
TAGCGGGGAACTGTGCATGTT,0
AAGGACGGCATGAGCCCTGA,0
AAACTCGTACTGGAAGCCCTGAG,0
CAGGACTCACGGCACATGAGCGT,0
TGGTGACCTCTGACCAGGCCGAT,0
AGGGCGAGCTCCTGTTTCTGCT,0
TATCTGTCGGAGTTCCAACGCCT,0
TGGTTAGACGCACGGAACATCC,0
GACCAAGGATGGGCCGAAGAACGC,0
AAGGGGATAGAACGGAACC,0
AGTGGTCGTAGACCGCCTGA,0
TGGATCGTTCGATTCCGGCC,0
TGGCTGATCTTGCTCTGTGTCGGA,0
GCAGTGAGGTACTCTGAGCC,0
CAGGACAGAACAAGACGAT,0
GAGCGCTGCAGTGCCTGAA,0
ACCATGTCGAACTGGTCCGAAGCA,0
TACCTGATAGAGCTACTAGACGCC,0
GAAGAGACTAGGACTCAAGACGGTA,0
AACGGCTTTAGACGGACAGA,0
TAGAGGCGTGGACGGACAA,0
ACGGACTCGGAGCGCAGAT,0
TAGCGCAGGCTAGACTCTGAGGGG,0
TAGGGTGTTAACTCCCTGT,0
TAGGGTGTTAACTCCCTGTT,0
TGGGCCCTGTTTCAGACCGT,0
TAGTGGTAGACCTGCCGCT,0
AAGGGGATAGAACGGAACCA,0
TACAAGGACACCCTGAACAA,0
TGGGATTTAACACTTCCGT,0
TACAGGCCAGGGAGGAACTGTA,0
AGGCGCTATACGGTCTGAA,0
GGCGGAGCAATCTGGCAA,0
CAGGGCTTTGGCATGACTGAGA,0
TATGGACGCAGGTCTGGG,0
AACGACTTTAGACGGACAG,0
CAGCAGTCCTGGACCAGAAGAGCT,0
AATGGTACTGACTCTGCATGCAG,0
TAGGGTGTTAACTCCCTG,0
AACGGATGAGCAGAAGCTCTGGAT,0
TAGGACAGAATCAGGACGAGT,0
AATGGACCAAAGAAGAGTTGGACGA,0
TAACAGGGCTTTTTGGGCCTGG,0
GCTCTGGGTGAGAACATTGGCAT,0
TAGACTTTGATCTGAGCAA,0
CAACCAGGAACTGGACCAA,0
TAGTGGTCGTAGACCGCCTA,0
CAGGTTAGTGGAAGCTGCTTTCGAA,0
GACTTTGGGCAAACTCAGGACAGC,0
AAGGGTTACTGTATCACCCTCT,0
GCGAACAGGTAGAGACTGTGCCA,0
AAGGGTTACTGTATCACCCTCTA,0
CAAGGATGTTGACGGGAAGAACGT,0
TAGTGGTAGACCTGCCGCTA,0
GGGTTTTATTCTGGCCTCCAT,0
GCACTTGGAAGCATGGGGCT,0
TAACATCTCTGTTGACGCTG,0
TACGCATTGGAAGACAGGG,0
TATGCTGATGATGGACTCTATCT,0
ACTAGGGATCGGACGGTGT,0
TATCTGTCGGAGTTCCAACGCCTG,0
TACGGATATTTGTATACCCTA,0
TAGCACGCACCATATCTTTGCAA,0
GACTGACGGACAGACCGA,0
AAGTGGAACCTGCCCAAGCTTTGG,0
TGAGGTCTTCGAACTTCCA,0
TAAGCGGGAGCTCCGCGTT,0
GCTGGATATAGCGAACCCAC,0
ACAGCGTATTGAGGACGATGCATCT,0
AGCCTGACGATGTCGTTGATGCT,0
GAGGGGGATTCTAATTCTGAACC,0
GAGCTACTAGACGCCGGATA,0
CAGGGCATTCAAGGACGAAGGCATG,0
CAGGACAAACGACGTGGGCATG,0
TACGGACGGCATTGTTCTGATC,0
TAGCGAATCGAACGCTGGAA,0
AACAGGACGCAGGACGCATTAC,0
AACCAGACCCGGCTGATCT,0
TAGGGATTCCAACCCTGTA,0
CACGGATTGCCTTCTGGATGGCCT,0
CAGGCAGTTGGACTTGACCT,0
TAAGGCTAAGACGAAGCCTG,0
AGAGTCTTGAGTCTGTTACGTA,0
AAGGGGGGAATACTGTCACA,0
TGGAGATAATACAGGCTCTA,0
TACTGGGACTGAGCCAAGCTGAC,0
ACTGGCACTTGGAACGGACTTCT,0
CAGGCATATCCTCTGACCTC,0
TAGCATAGGATCCAGGCCT,0
AACAGACGTGACTCTGGCAGGCC,0
GAAGCTCGAGGACCAGAGGGCTGC,0
TAGCGGAATTGGTACTCGGCATCCC,0
CAAGGCAGGTAGACTTCTC,0
TATCTTGCGGACCTGGATG,0
TAGTGGTAGACCTGCCGCTAA,0
GAACAGGGCTGGCTTGCCTGACAAC,0
TAGGACTGATTGCTCATGTTC,0
GGCTGATCTTGCTCTGTGTCGGAT,0
CAGCAACAGGACGATGGCA,0
TAGCGGCTTAAAACCTTCTGT,0
CAGGCTGAACGATTCGGACATGA,0
TGGTCTGAACGCTGGACGTCATCCT,0
CAGGCTGAACGATTCGGACATGATC,0
TACAACGTCGAGGCTCAGAAGGCT,0
CAAGCTGGAGGAGGACGATGAGCCA,0
TGGGCCCTGTTTCAGACCGTA,0
GAGACTGCGGTTAAGAACAGCAAG,0
TAGTAGAAGGCTGCACGAAG,0
TAGGGACAAGCTTTTTCGT,0
CAAGAAGACAAAGGCTCA,0
TAGCGGGGAACTGTGCATG,0
AGCTGTTGGCCTCGTAAGACTGCT,0
GACAAGAATGGTGGACGAAA,0
TTTGGGAACATGTAGCAGT,0
CATGACACGAGAACCGAGCAC,0
AAAGAAGTCCAAGAGTTGGCTCGC,0
CAGGAAGAAGAACCTGCAGTAT,0
GTGGAATATTTTTCTGCGTTTT,0
AAACCGGGCATCTCCCAACTCTGA,0
AACGAAGAGGAGTGGGAAGTCG,0
TGTTCCACTGCAGGGCTGA,0
GAGCAGAGACTTTGACCTGTGCT,0
TGGCAAGTATAGGCCTGTA,0
CAAGCCCGCCGACGACTGCTCT,0
GACGTGGCCGGGACGTTGAA,0
GGACCGGACCATGGCAGAT,0
TACGGTCTGAAACAGGGCCCA,0
TGGATCGTTCGATTCCGGC,0
TAGCGTCTGAATTCGACCAG,0
ACCGTCTGCTGCACGATAGTG,0
GCGATCAGGTAACAGGACAGA,0
GAGGACTTGGACTCCAACGTTGAC,0
ACACTGTCAGCATAAGCAACT,0
AGGCGCTATACGGTCTGAAA,0
GAAGAATATGCAGGATGACGAACC,0
TAAGCAGGACCGGGCACGA,0
CATCGGCACTGTTGAAGCACGAGCT,0
AGAAAAGTCGGATACGTTACCT,0
AGGAGCTCCGCGAGAACCGCAA,0
ACTTCAAGAATTCAGCGACAGCC,0
AGAGGAAGGAGAACACGGACGA,0
GTTAGCTGGGATGACTTT,0
TAACTACATCTGGTCAACGG,0
TATGGACGAGGACGAGGACGACA,0
TATCAAGGGGATAGAACGGAAC,0
ACAGAGGGCTACGCTGCACA,0
GAGCATGGAGAGTTGAACGG,0
GTTCCAGCTCTGTGCGACTCTGGA,0
AAGGCGCTAATTTCTGTGATCT,0
TAATTCGGTACTGTTCTAGCAG,0
CAGTGAGGTACTCTGAGCCAA,0
AACCCGGAGGTCTCTGGA,0
CAAGCACTCGGATCAGAACAGGGCC,0
AGCGCTGCAGTGCCTGAA,0
GTGGACCCTGAGGAGAACGCTG,0
GTTCAGACCACTGTAGCTCTCGGCT,0
CAAGAGGAGGAACGACGACGAC,0
TGGAACATTACGAACCAGA,0
ACTGAACCTGCCGATTACCT,0
AGGGGCCTAGACGTGTGACA,0
ATCAGGCGACTGAACTTGCA,0
AGCGCCAACACAGAGCCTGA,0
AAGTCGAGACCGACGCATCGGACTA,0
ACCAACCAGGAACTGGACCAA,0
