sequence,length,count
TGGTGGGGAGGGCTTCGCG,19,1
TGCTGCGGATATGCGACAA,19,1
TGAACCGACTGTTGAAGAAAGACG,24,1
TTGGGATTTAACACTTCCG,19,1
GACGAGGCTGTAGAGCTGGGCATC,24,1
TTGACTCATGCCCTCCCAA,19,1
GCAGGTTGGACCGGGCAACGACAG,24,1
TCTACGGACACAAGCTCCGCGCCC,24,1
TGCCTCTGTTGCTCTATCT,19,1
TTGGGCTCGTGAGCTTCACGGATC,24,1
AGCGATCGAACCAACTGGCGCAGC,24,1
TGCGGGAGAGCTTTGAGCCGGCTG,24,1
CGAGTTTTGCGACTGGCAGACATG,24,1
TCGGACAGCAGTTCGGCGGACGCA,24,1
CGCCCAAGCTCTCTGTGACACCGG,24,1
CTGACGGACAGACCGAGCG,19,1
AGGCTCTGTGTTGGCGCTG,19,1
TCTCGCAACTGGGACGGGT,19,1
TCAAGGAGATGTGCGGATTCTGCT,24,1
CTGGGTCTGGGCGATACTATGATC,24,1
TGAGTAACGTAGGTTCGAA,19,1
GCTGGCGTGATGGCAGAAC,19,1
TAGTGAGATCGACCACCGA,19,1
CCGGGACCATTGCATGCTCCGAG,23,1
GGCAGGACGGCACCTCCAA,19,1
GAGCGCTCCCGTCGGCCGAAGAGC,24,1
GTCTTGTCGGTGCTCTCTCGGTCT,24,1
TGCTGTAGACGGTCGAGCC,19,1
CGGGCCAACTCGGCTGCCACGGCA,24,1
AGGCCGCTCTGACCTGCCA,19,1
TTTGTTCAGCAGGGGACAT,19,1
ACAGGCGCCGACCGCCACC,19,1
TGGCGCCGACCTAGACAAGCTGAA,24,1
TGGTCGATGAGAAGCTCGACGGCA,24,1
TTAGCCTGCCTCTGTTGCT,19,1
GGCGTTGGAACTCCGACAA,19,1
TGTCGATGGTTTTGCGCGA,19,1
CGGATTTACGAACGCCGACAGGAA,24,1
GTAGGAGCGGGCTCTACTG,19,1
TGTCCGATCCCTGGCTCAGCGTGG,24,1
TCGGTAAAGGCTGGCCAAG,19,1
GAACCCGGTCAGGCTCGAT,19,1
AGGACTATTGGTGGCCCGA,19,1
GGCGGAGCTTGCAGAACCGGACG,23,1
TGGGCAGATCCTGAACGGC,19,1
CGAGACTTTTTAATATCTCCCTG,23,1
TGCTGAATTAGGCACCGCTACCGT,24,1
AAGCCTGGAAGCGGCGTAA,19,1
TCGGGGTCTTCATCTTCCGGGAAC,24,1
CTGGGTGCTGTGGAGACGCTCATT,24,1
TGAGAGTGGACGGCTGACT,19,1
GCGGAACGTAGATTTCGCC,19,1
ATTGAGTGATGGTAGCCTGGCCGG,24,1
GACGCGGGCCGGGCTCTGCTGCAG,24,1
TGGTGCGTGCTACCTGTAT,19,1
TGTGCCCGGAGGTGTGGGATCCGC,24,1
AGGTCGTTAGGCGGTCCTT,19,1
TCGAGCTAGTGAGCCTGACGGATA,24,1
GCCGGCCTTGTCGGGGTAA,19,1
CGGGCGTCGGTCTGGACCCGGGCA,24,1
CGGCGCCGGCGAGGACGACGACG,23,1
ACCAGCCGGACGGCAGACACGGGC,24,1
TGACCCGTTCGGCACCTTA,19,1
TGGTGCTGTGACGCTCTGCGGCTA,24,1
ACCCGGCTGGCTATCGACAACAA,23,1
CCGGCCGAACTGACTGCAT,19,1
TGTGAACTCGGCGATAGCCAGCTC,24,1
AGGTGGAAGTGGATCTACTGTCTG,24,1
GGGTCTCTAGGGCGAGCTC,19,1
CCGACGCCTTAGCGGAAGCCCTGC,24,1
TGGCGGCGTGGGACTGGAACTGGC,24,1
CGGTCTAGCACAGCTCGGG,19,1
GTCACGGCCGGGGCCCGGGCTTAT,24,1
GGCGACGAGTGGACGCTCGAGCG,23,1
CGCCGCCGGACATGGGCGCTCCGC,24,1
TGGCGGAGACAAGGCTCACAGTT,23,1
TGACCGGAGGAGTGTCTGGCCCT,23,1
TCGGGAGCCTAGAACGGAG,19,1
TGGACTACGCCTCGGGTGA,19,1
TGTGACACCGGAGCAGATG,19,1
TAGCAGGTGGTTGTTGACG,19,1
AGGGGACGTTCCCTACCTG,19,1
CTGGAACGCAAGAAGCTGGACGA,23,1
TTAGCGGTAGTAGGGCTGC,19,1
TCTGCGTGGGCATGAGAAGGACAT,24,1
CGGGGGTTTGGTACAAAGGGCTTA,24,1
TTGGGTTTATCGAACCCTG,19,1
TGTGGGCTCGACGGCACAG,19,1
TACCTGACAGTCGACCGGC,19,1
CCAGCACGAAGAACGAGAC,19,1
GAAACGGTTGCTCAACTCCCGGCA,24,1
GCGGGCGATCAGGTAACAGGACAG,24,1
TGAGTGACTGGAGAGCCGCGCTA,23,1
ACAGGCGCAAGACCTGCAA,19,1
TGCGCTCCTGATCCACTGT,19,1
TGGCCAAGTAGTCAGCCCA,19,1
TACGTGGACGCGGACCTGGCGGT,23,1
CGTGGATTACCGCGCGCTG,19,1
CGATTTCGACTGTTGAGCCGGGG,23,1
TGGGTGCTCAGAAACTGAC,19,1
CGGCTGCTGTAGGAACGCATGCT,23,1
TCAGGCTCTGTGTTGGCGCTGGTA,24,1
AGCAGAGCTTTGCGCCGCA,19,1
TCGGTACCAGGAAAAGACTGTCAT,24,1
TGTGGTCTGTTAAGATGTGAGCTG,24,1
CTGGATTTTCCCCCTCTGA,19,1
TGATCACGTCGGCATCGGGCCCGT,24,1
GACTGTGGCTGCGAGAACT,19,1
TCTGGGTTTTCGAACTGCG,19,1
TCTGGGACGACGAACACGGCTTTG,24,1
GGCGAGGCAGGAAGAACAA,19,1
TCGTGACAGACTTGCAGCT,19,1
CGAACTCCGGTCGGGTCGGGTCTG,24,1
TGCGCTTCTATGTAGACAA,19,1
AAGGCGGGCTCTGGACCGGGCGGG,24,1
CTCGGCCACTGTCGAATCGGACGT,24,1
TGGGCCAGGACGACGATCCTCTTT,24,1
TCTCTAGGGCGAGCTCCTG,19,1
CGGACATGCTCTGTGGCGTGCTCT,24,1
ATCTAGAGGCTGGTGGTTC,19,1
TGGGATGACGCCTCGAGCATTGT,23,1
CCGGCGACTGCGGTTTCTGCAACA,24,1
GCGGCTCTCTTTTCTGTTGTGGTA,24,1
TGCGGTCTAGCACAGCTCGGGCCT,24,1
CCGGACGAGATCTGGACCGAGGAG,24,1
TATGGGCGGTGGTGCATGGCCGTT,24,1
TCCTGGGTAGTCTCGGGTA,19,1
TGCGAAAAAGACACGAGAGCGGA,23,1
TTTGTTGGCCCAGACGCTGATCGT,24,1
CAGAGCCTGAAGAGCCCGTTGAGC,24,1
GCCGGCCGCAGATTCGTGCTCTGA,24,1
GGATTCACAGTGGACCGGA,19,1
TGCTGCGCTCCTGATCCAC,19,1
TTTGCCGGAGAAGTTGCGA,19,1
TCATGACTCTGAGCCAGGC,19,1
TGGCGGACCGGCTCCTGGACGACG,24,1
TTGTGGATCTGTACGGCAAGCCTG,24,1
TGATTCTGAGGGTAGGTCT,19,1
TCGAGAGCGGATTGTCTGGCCGAT,24,1
GACGGCCGACGGCAGCCTGGACCT,24,1
CGGCGCGACTGGTGTAGTTCTGA,23,1
GTGGACAGTGAAGCAAGATGAACA,24,1
GCCGCTCAAGAGGCTGGACGCCG,23,1
AGCGGCGTCGGAAAGGGCACCCT,23,1
TCCGGTGTCACAAAGAGCT,19,1
TCGGGTACTCTGAACAGCATCCGG,24,1
CCGAGATGGACAGGCAGATCTCGC,24,1
TCGAGGATCTCTTCGACTT,19,1
ACAGACTACCCAAGCAGCTCTGGC,24,1
GAGCCCAAGATCTTCGGCC,19,1
AAGGGCGCTGCGCTCGTT,18,1
TGCTGGACCTGAGGGGCC,18,1
GGGGGGAGGACGAGACCA,18,1
AGCGACCATGACTCGCCC,18,1
TTGTCCGGGCATTGTGGGACATGGC,25,1
TCTGGTCGAATTCAGACG,18,1
TGTTGCGGGCCAGTTCCT,18,1
TGAGGCCCAAGCTGACGC,18,1
CGCCATCGAGGACCTGGACCAGAGG,25,1
GGCAAGACGGACGAGGCCCTGGGTG,25,1
CTGTTGGAAAAGGCGCTA,18,1
CGCGAAAGTCGAGACTGCGGGCGCC,25,1
ACTTTGGTCGCCGGTACGGCCTCTT,25,1
TGAACGCTGCGACCGCTG,18,1
CTCCGTCCACCGTGGACCCGGACTA,25,1
CATGTCGGCCGAGCTCTACGGCATG,25,1
TGGATACGGCGAGGAGAACCAGAAG,25,1
GCCGGGCTTGGCGGACCA,18,1
TCTGGGCCATCGTGGACTCATCCCG,25,1
CCTGGACGGGGCTCTGAGGCTCAGA,25,1
AGGGACCTGCAATGCCGA,18,1
TGCGGTGACTGTGGCATCAAGCTCC,25,1
TTGGACTGCCGGCCAAGT,18,1
AGGGCGTGCAGACGGTCG,18,1
TGGGGGCGACTTATCCCA,18,1
CCGGGCCCCGGCCGTGACGGAGCTC,25,1
CTGGCACTACAGCACTCA,18,1
CCCTTCGCATTGTGGACGGCCTGAA,25,1
GGGGACGTTCCCTACCTG,18,1
TATCCTCGGCAGCGGCTT,18,1
AGGCCGTCGGAGAAACGGGCTCCGT,25,1
CGGCTTTAGACGGACAGA,18,1
TCGGCTTCTGGGGTGCTTAAAGCTA,25,1
TCGAAGAGATCCTCGACT,18,1
CGGCGTCTACGGTGCTCAGCGGACA,25,1
TCTCGGACGTATTTGACAAGCTGAG,25,1
GTGGAATATTTTTCTGCG,18,1
CGGACGGTTCGAACTGGGACGTCAT,25,1
CCTGGATCCGAACTTTGATGCAGTC,25,1
GTGCGCCGAGGGCGACTGCTGCAGC,25,1
AAGGCCGCTCTGACCTGC,18,1
TGGCATCTCTGACGGTGC,18,1
TTTTCGGACATCTTTGGCCCAAGCG,25,1
GCGGGCAAAGGCTGGTTC,18,1
TGGCAGGTTGACTCATGC,18,1
GACGGAAGGACCGCCGAA,18,1
AGGGCGCTCTGCTTGGAG,18,1
TCTCTGGCAGCTATGGAC,18,1
CGAGTCCCGCGTCGGGTT,18,1
TTTTCCCGGCCGAGGACT,18,1
TAAGGAATGGCTGACCGC,18,1
TTGGCACTATCGAAGCTTTGATGAC,25,1
TGGCTTTCCGACAACGCCGGACCGT,25,1
TGGAGGACCGGCGGCCGGAACGTGA,25,1
TGAGGGACTCGTCACCAGCTTTGTG,25,1
TCTGGACCGGCAAGTGGTACTCCAT,25,1
TGGGACTCTGCTGGGCAG,18,1
CCGACCCGGCTTCGACGT,18,1
TGGGCTGCGTGGGTATTGGGCACAA,25,1
GCTGCTGTAGAAGTGCTGTACGAAC,25,1
CAGGCCGTCATTGAGCTC,18,1
TTTGAGCAGCTGTGCGCTTTGACGG,25,1
TCAGCGTCAGTTTGAACTCCGACGG,25,1
GCGCGTGGCTGTAGACACTGCCGGA,25,1
TGAGGTAATGGATCCGTT,18,1
GCCCGGCTAGCTCAATCG,18,1
TGGGCGTTTGGGTCGGCA,18,1
TGAAGCCGGGCTCCTAGC,18,1
AAGCCCCGACGGCTAGGCTACCCGG,25,1
TGACGGTCCTGAACCAGTAACGACG,25,1
AGGAATGGCTGACCGCAA,18,1
AACGGTCCGCTGTAGAATTGGGCAC,25,1
GCTGTCGCGGCTCAGCAA,18,1
ACAGGCCGGAGAGCTGCT,18,1
TGAGCCTATTTACTCTCA,18,1
TCTACTGGCTCTGGGCTC,18,1
ACCGGACAGGAGGCCGTT,18,1
CAAGCAGAACCTGCCCGT,18,1
AGGCTGTTAACCTTGCCA,18,1
CCTTGTACTGACTACTGGCTCGCAG,25,1
CATGGCGGAAGACAACAAGAACATC,25,1
ACAAGAGGCTCTGCAGCGTCACGCG,25,1
TGGTCCGGGCTGGTCCTC,18,1
AGAAGCAGGACCGAGGCGGAAGGGC,25,1
CGCACGGAGGATTCGTCTGACGGCA,25,1
TCAGGATCCGAGCAGAACCCAGACA,25,1
GTTCGCTGGCGTGATGGCCGAACGT,25,1
TCATCCAGGACGGCCTTGAACTGGC,25,1
AGGCCGCCAAGGACTTCA,18,1
TGCCATCGGCCGTACGGACGTAGGC,25,1
TGAGGGTTTTATTCTGGC,18,1
TGACCGAGGACAACGTGG,18,1
GCGACGGTGACGACGGCT,18,1
GGACGGGCTGGACCGCAT,18,1
AGTCGTTTGAGGACGTTGGTCTCGG,25,1
GGGGCGCAACGTTCTGAT,18,1
ACCAAGTTCCTGGGCCTG,18,1
TGAACATCGGGCGGGGCCAAGCCAA,25,1
GGACCATGGCAGATTCTA,18,1
TCATCAAGTCGGGTGACGCTGCCAT,25,1
ATGTCCATCGTGAGTCTTGTTCCAT,25,1
CCTGGAGGTCGACTCGGC,18,1
TGGCAGGGCTTTGTTGGA,18,1
ACGCCCGGCAATGCACCT,18,1
TCGGGGGCAAGTACTTGT,18,1
CGACGTCGCTGTACCTGCACCGGCT,25,1
TCAGTTCGGCAGGCAGGA,18,1
TCCTCGGACTCGTCGACCAAGCGGC,25,1
AGTGCGTTGCCGACTGCTC,19,1
TGCCAAAACGTCAGACGG,18,1
TGACTGAGAACATTGGCCTGTACGG,25,1
CCGACTCGGACGACAGGCTGGGCAA,25,1
CCAGGGGTGGAGCCTGCG,18,1
CGGGCTTGGTTTGGGCTT,18,1
ACTGCAGCGCTCGCTCGA,18,1
GCTCTGATTTGAGAATGTTGGCGCG,25,1
CGGGCACCTGGCACGCAA,18,1
TGGACGGCAGAGGGCCGAGGTCGGG,25,1
CGGAATTAGTGCAGGCCC,18,1
CTCTTCTGGCGGAGGCGGCTCTCTT,25,1
AGGTCCGGTATGGCTCCA,18,1
ATTACGAACCGGATAGGGGACACTG,25,1
CTGGACCAAGATCTCCGACCTTGCG,25,1
CCTTGGTCTTGGAGGCAGCAAGGGT,25,1
TGGCGGAGCAGACCATACTGGACGC,25,1
TCTGGACCTCAACGACCAAGACGTC,25,1
TTGAGATCTGGACCATGCAGAACGA,25,1
GGCGAAGACCCGGAGCAC,18,1
AAGCGGCGACCGGTCGAA,18,1
CACTGTTCTCAGGGACGC,18,1
CAAGGAGAGGACTGGGAGGCCTTCT,25,1
TTGCAACTGGAGAACGGGGAAACGC,25,1
GCGGCAGGTCTGGCATTT,18,1
TGTGGAGCTCATGGGACACAAGGAG,25,1
TGTGGCTGGCCTACTGCGAATACTT,25,1
TCGGACAACCTGAAGCAGGACGAAT,25,1
TTCGGATTCGGACTCTTCAAGCGAG,25,1
CGGGATGCGACTCTGCATACAGTAG,25,1
TCGGCTTCTTGCGGGGAA,18,1
CCCGGCCTCCAACCTGGACGGCAAG,25,1
CGATTTCGGTCGGGCCAC,18,1
CTGGTGGGGAATCAAATGACGGCAT,25,1
GGCTCTACTGGCTCTGGG,18,1
TCCAAGGACGGCAATAGCCAGCTCG,25,1
CCGGATTGGCCTCTGCCTTTGGGCT,25,1
CTGCTGCGGCGACTGGTGGGGCTGA,25,1
TCGCCGAATTCACAGCCAACTCCCA,25,1
TCCGACAGACGCGAGCTC,18,1
TTCGGATATAAGGTCCGC,18,1
TCGCGTTGGCCAGCTCGGCGACACC,25,1
TCGGGGCCTATAGCGAATTTGGCGT,25,1
TTGGGTGCCTCTATCCGA,18,1
TGGGCAATGGTGGCCAAA,18,1
TTCTTGGGTTGTATGCGGCTTGATA,25,1
AGACGTGAACCGGCTGAAGAAGCTA,25,1
TCGACAGCTGCGGAATCGATGGACA,25,1
TCGGTGCTGTGGAGGCTGCATTGCT,25,1
GGAGCGAAACCCGACGCA,18,1
CCCTGTTAGTTACCGCTGTACGGTT,25,1
TCAGCGATTGCTGGGCTG,18,1
ACCATCCCAGGACAGAAGACCGACA,25,1
CGAGCGCAGCCTGGGCAC,18,1
TGGGTCGGACTCGACCCT,18,1
GTAGTGCTCGGGACCGAACCCCGAA,25,1
CGACCGTCTGCCTGGGTGCTTCGGC,25,1
GTCCGACCGTCTCCAGGTTCTCTCT,25,1
CTCGGACTCACGGCCAAGCAGACGG,25,1
CCGGATGATTGCATCGACCAGGTTA,25,1
TCTTTCGTAGTATAGTGG,18,1
GCGACTCGGCCGACGTCCTGGGCCC,25,1
TCGCCAATTCGTTTGGTA,18,1
AGGGCAATGATCTGGCCCGGGCCCG,25,1
TGGACTTGGCCTGGCCGG,18,1
TCCGAAGGCTGCGGGTTC,18,1
TCAAGCGCGGCGATGACT,18,1
GGACCCGGACTACGTCAAGGCCCTG,25,1
CGGGTTCGTTTTGGCTTG,18,1
GCAGAGCGTCCAGGTGCTGTCTGGG,25,1
ATAGCGAGTCTCTGCTAA,18,1
AGGCCAGGATTTCTGCAA,18,1
TCCGGCAGCCTTAGCAGTTTTCCGA,25,1
CGGCGATGTGAGCGGCCT,18,1
CGGGGGCAGGAAGAAGCTCTGCAAC,25,1
CGCGCCGAAACGGACCGT,18,1
TGGCGGGCTCTTTGGCTTTGGACGG,25,1
ATGGGACAGTGGGTGACGCTGCTCA,25,1
CGGAATCTTGGCGGATTC,18,1
CGGCGGCTTGCTCGGCGA,18,1
CGGTGGTATGGTTGGCATCGGGGCC,25,1
CGCTGGTCGGAAACGGACGCGCGAT,25,1
TGGCGGTGTCCTCGGCAT,18,1
GCAGGCTGTTCCTGGGCAAGATCGA,25,1
TCGACGAGCTGCTGCGCA,18,1
CGTCTGTTGATGCTGTGACGGGCAA,25,1
ACGAACAGGACAGGCGCC,18,1
AGGGCATCCTCCGGCATT,18,1
TGCTGGCTGCTGACGGTG,18,1
GTTCCGGTGGTCTCGGAC,18,1
CCGGGCTCATAACCCGGA,18,1
TGCGGAGGCGGTCTGCGT,18,1
GGGGGTTACAAAGGGCTA,18,1
CTGGGGTCGGATGCCACCTCTGAAC,25,1
TCAACGCCGGTCTTGCGG,18,1
TTGCACGCCGGATAGCTTGGGCCAT,25,1
GTGACGGAGCTCGGCCTG,18,1
CCGCTGCAGCTCGAGACC,18,1
TCCTTCAGTTCGGACCGT,18,1
TCCTTCAGTTCGGACCGTGTTTTCT,25,1
TAGTCCGAGAGACCCTGA,18,1
GTGACGGCATGGACCTGA,18,1
TTAGCACTTTCAGGGCTT,18,1
TAACGGCTCAGCGACGCT,18,1
GAGCGACAGCGGCGTAGGAACTCCT,25,1
GTCCTCTGTTTCTGTGGC,18,1
AAGTGTCGGCAAGCGGCTCGGCCGA,25,1
AGGCGCAAAGACCGAGAGAGCACC,24,1
TGTTCCATTGCAGGGCTG,18,1
GCGGTGGGGCTGGCGGGCGTGACG,24,1
TCAGCGGGTATACCCTCTA,19,1
CCTGTCCAAGTACGACATGAACGG,24,1
TTGAGCTCCGGGGACCGCG,19,1
AGCGGGCCGACAATCTGAACGCAA,24,1
TCTGGACCTTGAGGCCCAA,19,1
GACGGTACCGTCACTCTGG,19,1
TCCGGTTTCTGCTTCGATCGGTGC,24,1
CAACAACAGGACGATGGCA,19,1
TCTGGGACTTTGGTGGACCGGCCA,24,1
TGAACGGCTGGGAATGTGACTGGC,24,1
CTTGGTACACGTGGACGATGGGCA,24,1
TGCATTCGGCGGAACGAGT,19,1
TACTGACTGTCGTCACCGA,19,1
CATGGTCGGTGAGAGTGACGGCTC,24,1
TGGAGATCCGGGCCAGTGT,19,1
TCCGGACCAACAGCGACTGATCTT,24,1
CGAGTGGACTTTCAGGCTTGGAAA,24,1
GGAGGTCGGAGCGGGCGCC,19,1
TCGGATTACCGCAAACAGGACGCA,24,1
TGCGAAGGCCGAGAGTTCG,19,1
CGACGTTGGACTTGAGGACGGCGA,24,1
TCGAGGGCAAGAACATTGACTGGT,24,1
TGAACGGCGGCGGCAGAGA,19,1
ACGTGCTGGCAGATGCTTT,19,1
AGGCGGGCGGCTTGGCTCT,19,1
TTGTATTTGGCGCGGGGAC,19,1
CCTGAACTCCTGCCTAGAAATGCA,24,1
TGGTTGGGTAACAGCTGAA,19,1
TCGGCCCCCTGTACGCCAT,19,1
CCAGGACAGAAGACCGACA,19,1
TTTGGCGAGTAGTCCTGGC,19,1
GCTAGAGGGCGTCGTTCTCCAGGA,24,1
GCTGCCGAGGATAAGTTGGACGAA,24,1
CCAGGTCGGATAGGCGAGCATCGC,24,1
TGGCTTTGGCAGTTGTAGAGCCTG,24,1
CGGGCGAGGGCGCTGTCGA,19,1
TGCGCCGCTGCCACGACTC,19,1
AAAGAAGTCCAAAAGTTGGCTCGC,24,1
ACGGCCCGTCTGGCGGGGGCGTAA,24,1
TCGATCCGAATTTTGGCCT,19,1
TGAAGGCGCGAGGGCCGAG,19,1
ACGGCTCAGCGACGCTGCT,19,1
CGGTCTAACACAGCTCGGG,19,1
TGCTTGTTCGCTGGCGTAA,19,1
GGGACCAGTAGGCTGGGCGCCGGA,24,1
CGAGACTGCCCTGGCTTTGGCGGA,24,1
CGACATGGACTCGAGGACAGCACT,24,1
TCGGAGTTGAACGGAACGGATATC,24,1
CGCGCAGTCGACGACCCTCGGGAC,24,1
TGGGCCGCAAAAGATGCTC,19,1
GGAGATAATACAGGCTCTA,19,1
GGCATCGGCCTCAGGACGTCGACG,24,1
AGTTCCTCCCTGGCCTGTA,19,1
CGAGACTGTGGACTCGACAAGCGA,24,1
GACGGCGAGCTCATGGCCA,19,1
AGGTGGGTGACCACTGGGG,19,1
TTCGGACGGCTGAAGACAG,19,1
CTCGGCGGAACAGCATTCGGCTCC,24,1
GAGCCAGTAGAGCCCGCTC,19,1
GACTAAGGTAGAAACCGACGCCTC,24,1
TCGGCAGCAGGACGATGACGACGA,24,1
AGCTGGCCCGCAACAATGGACTCG,24,1
TGCACGTGACTGTCGACCACGCAG,24,1
CGACGGAAGGACCGCCGAA,19,1
GGAACCTTTTCTGGCGTGC,19,1
CGAGCTGGATTGGACGTGACCATG,24,1
GGCAGGGGTGTCGAGAATGAAGCT,24,1
TCGCCAATTCGTTTGGTAT,19,1
GGCTGTCCTTCAGGTCTGT,19,1
TGGAGGACTCCGGTTTTGCGTCGA,24,1
TCGAGGGGTCCTTGAGCTTGGCGA,24,1
CGACTCATCTTTGACGATT,19,1
GGGCAGATTGCGTTATCGGGTCGG,24,1
ACTCGTACTGGAAGCCCTG,19,1
TCATTGAACGGACAATGGA,19,1
TGGTGGTCTGTAACCACGA,19,1
TCTAGGCCTTCGACCTGTA,19,1
TGACAGCGGCAACTCTGTT,19,1
GTGGCTAGGCTTGTGGGCTGGCAA,24,1
TTGCGGATGTGGAATACGG,19,1
CATTGTAGGGTGGCCTAAA,19,1
ATCGGTTGGTGTCGGGCTA,19,1
TGCACTTTCCACTGATGGCTCTCG,24,1
TGCTGTCAGGAGGAGGTTCTCGGG,24,1
ACACGAATTGGGTGCCTCT,19,1
TCCAACATGTTCGGAAGTC,19,1
CCGGGACGACTAGCTTTCCTTGGT,24,1
TGCTGCGTCCGGGTAGCGA,19,1
TGAGCGCGGAACGCAGCCT,19,1
GAGCTTGCCGGGCTTGGCGGACCA,24,1
GGACAGGTAGGTGCGGGCA,19,1
TGGCTGGAAGTTGGCTCTT,19,1
TGGAAAGAGTTCCAGAACA,19,1
TGGGTCTGATAAACCCTTT,19,1
CTGTCGGACTTCTTGCAGAACCAG,24,1
TGGGCGGGCATGACCTCGGCGTTG,24,1
GGCAGAAACGGCGAGTAACTCTGC,24,1
TCTGCTCTGACAAGACCGGTACTC,24,1
GACTAGGGATCGGACGGTG,19,1
AGAGCATCGTCCGGCGGCTCCTGG,24,1
TGGGGGTGAATCGGCTCTGGCTTT,24,1
CACTAAAGCACGCCGAGAACTGGC,24,1
AGAATGTCGGCCTGCGCCT,19,1
TGGCCAAGGTCTCCGCGGT,19,1
TTGACCGACTCTGACACTACGGGA,24,1
CTGGGTCGGCCTGCATACAGGGTT,24,1
GCGGGTTTTTCGGGTCCAA,19,1
ATGCCGACTAGGGATCGGA,19,1
GTGTCACAGAGAGCTTGGGCGTTA,24,1
GCAGGGAGCTGACCTGGTG,19,1
TAGATTGTGAACTCGGAGCCCGGT,24,1
TTTCGGAATTTCGTTCCTG,19,1
CTTCGGCGAGAGATGCCTGGCACA,24,1
GATTGGCGAATCGGTGGGC,19,1
TGGGCTCTCTGACCGGATCGAGGT,24,1
TCTCGGTCTTTGCGCCTTT,19,1
GTGCACGGAGGGTTCGTCTGACGG,24,1
CGGGTGGAGAATGGAAACCTGTGG,24,1
GCGTGATGGCAGAACGTCC,19,1
CGACGAACTCAAGGCTCTGCTGGC,24,1
ACAGGGCGTGAATGCCGAAGAGGC,24,1
TGACACAGGGACGGCTGTAGCTCC,24,1
CCGTCGGACCTCGTGGACGGGGGC,24,1
TTCCGAACATGTTGGACAA,19,1
GCCGGTACCCCTGAACCAGCCTTT,24,1
CTCGGAATCAAGCAGACCTGGTAT,24,1
GCAGAAAAGGCTCTGAGACGGTTT,24,1
TCCGGGCATTTGGCAACGA,19,1
TCAACGCCGAGATTGTGCTGGGAA,24,1
TGGCCTCAACACGCGCCAGTTCGC,24,1
CGGACAGGGACCTGCACAC,19,1
CGGACGATCTGCAGCGCTT,19,1
CGCAGAGGACTGGCGGGCACGCTT,24,1
TTCGGCGAGGGGAAGCCAA,19,1
TTGCAGGATCTGGAGAGGTTCCGG,24,1
TGCGGGCCTCTGTCGGAAA,19,1
AGGACGGAGACTGCTGCTCCGCCG,24,1
TGGAGACTGGACGCAGGC,18,1
AGCAGATCGACAGGAGACCGCTGA,24,1
GCTGGGCGGGCAAAGGCT,18,1
TCCTGCTGCGTCCGGGTA,18,1
GCAATGACTGTGCTCTGCCGCAGC,24,1
TACCGGACAGTCGACCGGCTACAT,24,1
TGGCGTGGCTTGATGAACAGACGC,24,1
TGGACGAGGACGAGGAGCGAGATG,24,1
CCTGCAGGCGAAGACCCGGAGCAC,24,1
TGCGCCATTGATCTCCAT,18,1
TTCTGCGGTGGCGAACTCGGCATA,24,1
TGGCTGTCCTTCAGGTCT,18,1
GATCAGAGCGGTCCTCAA,18,1
TCCTTTGGTCGGCGGCAGGACCGG,24,1
AGGGCGTTATACGCTGCG,18,1
TCTGCTGGGCGACTTCGG,18,1
CCTACCTGGACCGAACGC,18,1
TCGGTCCAGGTAGGGAAC,18,1
GCCTGGGCTGTGAGGGCA,18,1
TGGGCGGGCAGGTGGGCG,18,1
TCGGGACAGCAGGTCGTA,18,1
CCAGTCAATGTCGATTTGAACAGC,24,1
TCTCTCTCGGCTGGAAACTATGGC,24,1
GGGCCAAACGAAGCTGCGG,19,1
TTTGTGGCCATCTACTGGAACGGT,24,1
TCGGGCGGCGCTGGGACAATGCGG,24,1
GCCGACTAGGGATCGGACG,19,1
TGCAGACAGACTCTCGCAG,19,1
CGGGCGCACCGCAAGGGTATCTCT,24,1
TTCGAGGCAGGAGCTCAACGTCAG,24,1
TATTTCAGCCGGCGGCCTC,19,1
TCGGCGAGTTCTGAGCAGC,19,1
CACGGAACATCCAGACCGC,19,1
GGAGATCGCGTGTCGAGGCTCACG,24,1
TAGTCCGAGAGACCCTGAACAACC,24,1
CACGATTGCCGGTGGCTGGGCAGC,24,1
TAAGCAGCCAACGCCGCCA,19,1
CGGGCGGTCTGGATATTCCGTGCG,24,1
CCCGGGTTCAATTCCCGGA,19,1
TGGATGTGGAATCCGGCAT,19,1
CGAGGACAATGTTGCCGAA,19,1
ATACGATGGGCTGACTACCTGGCC,24,1
AGCGGATGCAATAGGCCCG,19,1
CGTGGTCGGGCCGTTTCTGCCGGT,24,1
TGCTGGACTCTGAAAGAAGTGTCC,24,1
TGGGGTAGCGCCCGTACGTAGCTT,24,1
CCTGGTCGGCACTCTGCATGGAGA,24,1
TGCGGAAAAGAACGGGGACGCCGT,24,1
TGGTCAAGACCAGAACCGC,19,1
TTGGACTTTGACAGTCTTGGCATC,24,1
GCAGGTTCAGTCGTGGGTTCGCTA,24,1
TCCATCATCGGAGGAGCTCGGCAT,24,1
TTGCACTAAATTTCTGCAT,19,1
ATGAGACACTTCGTCCCTT,19,1
TCCCCCAAGAGGACTCAAAGCTGC,24,1
AGATTGGATTCACAGTGGACCGGA,24,1
TGGTGTCTTCTGTGGCCTA,19,1
TCGGGACAGCAGGTCGTAG,19,1
TGGCTTACTGGGTCTGCCG,19,1
GCAGAGGGATCACGGACTCGGCCA,24,1
TCTCCGCAGGCCGAGGTAGCTCTC,24,1
CTCTGGACGAGGTTGAATCTGGCG,24,1
TAGCCGTCGGGGCTTAGGG,19,1
CCTCGTCACGGACGGTGACCTGAA,24,1
TGCGGTCTAACACAGCTCG,19,1
TAGGTAGACCGTCTGCGTT,19,1
CTCGGAAAGCAAACCTGAATGGCG,24,1
CGTGGCTGAGTGCTCCGAGGAGGA,24,1
GAAGGTTTTTGCAGTAACGATCTG,24,1
GCGGGCTCTACTGGCTCTGGGCTC,24,1
TTTAGGACTGCTGTCTTTGACAAG,24,1
TTTCGGCTGCGCTGCTGAAAGGCA,24,1
TCGGGAATTTCACGCCCTA,19,1
TGTGCCGGCATGACCTCGG,19,1
CGGGGGAAGATGACCTCAAACAAA,24,1
TTGGTCGACATCACCAAGG,19,1
TGACGGACTCGGAGGCGATGGCGG,24,1
ACGCTGCTGGCATGGTGGC,19,1
GGGGGAAGAATACCTGACGGC,21,1
TGTCGTGCCTGGCGGGCTTGGCG,23,1
TACGGGCCCTGGAGGGGACGTT,22,1
CGGTGGAGGACGAGGACGTCAT,22,1
TCTGCTTGTTCGCTGGCGTA,20,1
TGCGGGCCGGAACCGAGCTG,20,1
AATCTGCCTTTGAAGCGCTGAA,22,1
CGGAAAGGACAGCAAGAACAAG,22,1
TCGGACACTTGAGCTGATGGCC,22,1
GCCGGTCGCTCACTGACTTA,20,1
CCGAGAGCTGCTGGCAGTGG,20,1
CTTCAGAGGTGGGGTCCGAACA,22,1
TTATCTGGCTTTGCTGAGTT,20,1
TCTGAAGCAGGAACTCTGCA,20,1
AGGCGGTCTGCGTGGAACAA,20,1
TCGAGACAGGAGGATGATGGGC,22,1
TGGGACGTGGACTTCCTGCAGA,22,1
GGTCGTAGACCGCCTGACTAAG,22,1
CGGCCAGGCTACAATCACTCAA,22,1
ACAGAGAGCTTGGGCGTTGA,20,1
AAGGGCTGCGAAAGAGGGGCAA,22,1
CGACGGTCTTCTTGTTCCAT,20,1
CGGTACTGTCGGCAGAGCAACC,22,1
CCTTGGACTGGAGGTCGACAGT,22,1
CTCTGGCAACAGCGGCTCTGGC,22,1
AGCGCCTGTCGAACGAGGTG,20,1
ACGAATTGTGGCCGAAGTCGAA,22,1
CCGCCCTGATGGTCGAGATT,20,1
TGCGGTGCGTCGAGTATAGGCT,22,1
CGGTTCTGTCGACCATGGACGG,22,1
AGGTGCCGAAAACACCGGAA,20,1
TGCGTGGGCGAATATTTTGGGC,22,1
CTGACTTGAACTCTGCAGGAGG,22,1
TCGGGTCTGTCGGGTGCGGA,20,1
TCTGAGGGTAGGTCTGGGGGCC,22,1
TTCCTGCCAACCTGAACCCCCA,22,1
TATCGGCATGGCACCGATCG,20,1
GGGACCTCCTGTACAGCTGGCA,22,1
AGGTCTAGGGGCCTGATCCT,20,1
CTCGGGCTACTCTGGCGCAGGA,22,1
TCCAGGTGAGCGAGTCGGGATG,22,1
TCAGGGAGCAGCCTCTCGGCAT,22,1
GGACGATGGCAGCTGGAAAC,20,1
TGTTGCAGTGCCCGGTACGG,20,1
TGGATGCGGAGGTCGAAGCTCT,22,1
CAGTCGAACAGCTTTGGCGACG,22,1
TCCAACGGTACACGGTCTGATA,22,1
ACGGGCAGGACGACGACCAC,20,1
TGGCAGGGCTTTGTTGGAAA,20,1
TGACCACATAAAGGTCGTCG,20,1
AGGCGGATCGTGCCTGACCGGG,22,1
CTGTTTGCGTTCGGCGCTGGCT,22,1
CCAGACTAAAGAAGTCCAAG,20,1
TGGACAGCCGGCCCTGATGGTA,22,1
TGAGGCCGAGCTGAAGGACG,20,1
TGCCGTCTTGCGGGACAGGGCA,22,1
TGAGGACCGCTTTGATCCGT,20,1
GCTCGCCAGATACGATGGGCTA,22,1
CAGGGCTCGGCGTGCAGATCCC,22,1
GGATCAGGAGCGCAGCAGAG,20,1
CTCTGGAAACAGCTCTGACGCT,22,1
TTGAGACGTGAACCGGCTGAAG,22,1
ACCTTGGTCGGTCGGCCTGG,20,1
TCAACTGGACCGAGAACACGCC,22,1
CCCTGGACGGGGCTCTGAGGCT,22,1
CACAAGCTGGACACCGACCCCC,22,1
GAGTGGGGTTAGCTACCCTGTA,22,1
GGTCGTAGACCGCCTGACTAAGA,23,1
CGCAGAGACTGGCTCCGGCAA,21,1
TCGGAGCGCAAATAGAACAA,20,1
CGAGTTCTTAAATACTCTAA,20,1
TCGAGTCGAAAGGAGTCGTT,20,1
AGCGAGTCCTTCCTTGGCCGA,21,1
TCCGGACAGTGCGAATTCGGA,21,1
TTTGGACTTGCACTTTGGTGG,21,1
TCCGAACTGAAGGAAGTTCG,20,1
CTCGGACCGAGCGACTGGCG,20,1
TAGCGCGAACGGACTTTCGTC,21,1
TCGTAGCCTCGCAGAACTGC,20,1
CGAGTTATTTACGGGCTCAA,20,1
TTCGGAATCGGATTCGGAACC,21,1
TGGAAATCGATGGACGCCGTT,21,1
AGGTCTACCAAATCTGCGCCG,21,1
GCCGGCACGGTCCTCAGAGC,20,1
TGTTCGAGTGGATGTATGGAC,21,1
TTACCTGGAAAACGCTGCTCA,21,1
TGGGCGTTGAGACCACGACCT,21,1
TCATGGCGACCTAGGTTCTGT,21,1
ACGCGACGGGGAGCGTGAACG,21,1
CGCTTCTGACGGTATCTGCGG,21,1
CCAGGTAGCTAATCTGGCTGT,21,1
TGGAGTGTGGGAGGCTTGCAA,21,1
GCTGTACTGCCGGCTCTGCAG,21,1
TACCGTACCGGGCACTGCAA,20,1
AATCCGAAGGCTGCGGGTTCG,21,1
GGCTGAGCTCGAGAAGGACG,20,1
TGGGCGGCATATCTGGCATC,20,1
GCCGGCGATCCGCATCTCTGC,21,1
TCGGAGTAGGAAGCGCCGTCT,21,1
TGGACCGAGATCTCGGCGCC,20,1
TGGTGCGTAGGGTTATGTGCGT,22,1
TCCGAATAGTCGCGAGGCCAA,21,1
TCTTGTCGGTGCTCTCTCGG,20,1
CGGGTTGCCCCTGACGATAA,20,1
TGGACTCATCGGGCAGAGGAC,21,1
TGGGCGGAACCGTCTGACTG,20,1
TCTCGTACGAGACCTTTGCCG,21,1
TCCGACCTGATGATCCTGCCT,21,1
TCGAGGACCAGCTGGACAGCC,21,1
TAGGGGTTAGTACACTTCGT,20,1
GGTGCAGGTTGTTGGCCCGGC,21,1
TGTTCAGGGTCTCTCGGACT,20,1
TGGTAGCTATTTGGTTCGCCG,21,1
TGTGGCAGAGTCCGCTGACGT,21,1
CCTCGGGCATGACTGGCTCCA,21,1
CGCGCCGCTCGGCATCGGCTT,21,1
TGCTCAGGGCCAACGAGCAT,20,1
GGGCAGGACGGCACCTCCAA,20,1
GAACTAGATCTGAGCAGCTGA,21,1
CGCCAAGATGGGAGGGCAGCT,21,1
CCGACCAGTAGGCCCAGGAA,20,1
CCGTACCGGGCACTGCAACAG,21,1
TCGTTGAACGGGAACAGGCCC,21,1
CGAAGCTGCGGTCTCCTCCAT,21,1
TCGGCCCAGCTTGGTGGCAA,20,1
CCTGACGATAGTTTCGGATA,20,1
TAAAGGGACCTGCAATGCCGA,21,1
TGGAAACACCTGACAACCCGT,21,1
TGTGGGATGCGGAAGTTCTG,20,1
TGGAGTGCAGAGCGGCCTCGG,21,1
GTGGAGTCGTGGAATAATGGC,21,1
AGGCCGACGGCTCCGAGCAGAA,22,1
CTACTGCTAGAGCGCGGGCGCA,22,1
TGGACTGGTTGGGGTCGTGGTA,22,1
AGCGAGGACAGCGACTCAGACT,22,1
CGACGGAATACTCCGCCCCG,20,1
TCCGGACGCGCTGGAAGAACAG,22,1
CCGGAGGTACGGCTCGCATG,20,1
TGGTGGTAGTTAGCTAACGAAC,22,1
TGACGGGCAAGCTGCACATCTC,22,1
TGTCACAGAGAGCTTGGGCG,20,1
TGGGCAGATTTCCTGGCCAA,20,1
ACGTACGCAACTCTGCACGC,20,1
GGGTCTCTAGGGCGAGCTCCGG,22,1
CGGGGCAATGTGAACCCAGG,20,1
TCGACCAGCAGGACTTGGCAAA,22,1
CCGAGCTCCAAGCACTCATG,20,1
CGGACCTGGATGCGACGGTCTT,22,1
TATCGGGGTCTGGAAGTCGT,20,1
ATGGCCTGAAAGGACACCGTCG,22,1
TGGACTGGGAGAGGACTGGCGC,22,1
TGCTAGGCATGAACTGTGGAGG,22,1
TAAGGAATGGCTGACCGCAA,20,1
TAGGACTATGGAGGCGGGCCAG,22,1
ACCCCGACCATGTCGAACTG,20,1
TCGTACATCGATAGGGCTAA,20,1
TGCCCCCGACGTGGCCGGGACG,22,1
CGGGATCCCGTCCGCTCTCCCC,22,1
TGAAGGAAGTTCGGACCGTA,20,1
TGGGACGTGCTCTGAGGAGGAG,22,1
TTATCGGACAAGAATGGTGG,20,1
CGAGGTCGGGCTGGGCGGGCAG,22,1
GCTAGTCCGAGAGACCCTGA,20,1
TGCAGCAGAACCCAAACACCCA,22,1
AGCCTGCAGGGCCCGTTGGGTA,22,1
TGCACTAAATTTCTGCATTA,20,1
TGATCCACTAACCGAACGCTGC,22,1
AGCAGAGTGGACGTGCTGGACG,22,1
CGCGGAAGAATCCCTGGACCAG,22,1
CGGGCGCGAGAGCTTGGAGAAG,22,1
AGGCTTGAGAGGGTGTGGCTCT,22,1
TGGACGCAGGGCACGGAACCTG,22,1
TTCACCGCGGCGACTCGGGT,20,1
GACAGCGGGTTTCGGGGTTCGG,22,1
ACGTACAGGACACCTGTGGA,20,1
TGTTGACTTGTCCGACAGACTA,22,1
TCTGAACGACGTGGGGACTCCG,22,1
TCACAGACAGTGACCTGTGCAA,22,1
TCGGTTGGTGTCGGGCTAACAA,22,1
TCTCAACGCGCTGTGGGGCGGC,22,1
TCGGTCCCGAGCACTACCTT,20,1
TCCGCATGAACCCGGAACAT,20,1
GCACTACTGGAGACTGAGATGG,22,1
TCTGGGACTCCCGAGTGGAACT,22,1
CATGTGCGGAAGGGGTGGCCAT,22,1
TTGCGGTCCCGGCGGACTGCGT,22,1
ACCGCATTGAGGCTGGTCGT,20,1
CCGGACCCGGGATCCGCGGCCG,22,1
CGCGAGCAGGTGGGACCCTCAA,22,1
CCTGTTGGGTACCAAGTTCTGT,22,1
TCCTGCTGCGTCCGGGTACTCC,22,1
TCGCCTCTGTTCTGGCCCCA,20,1
TCCGAGTTCCTAAACACTCT,20,1
AGGCCTATTGGCACTGGAACTG,22,1
TGTTGTCCCTGTGATGGCAT,20,1
TTTGGACGCAGGTCTTTGTT,20,1
CGCCCAGGACGAGCAGAACCGT,22,1
ACGCTGCTCCTTCGATTGCGGT,22,1
TCCGACTTTTTTGTTTTGCC,20,1
TTCGTCCTCGCTCTGTCCGA,20,1
GTTCACGTTGAGCTCCGGGGAC,22,1
TGGACTGAACCAGCACAGGCTG,22,1
TGTTCGTTGTTGTGGATCCCAG,22,1
GTCGGTGTCCATCCTGACAGGC,22,1
TATGCGCGTTCTGCTGGGGTCA,22,1
CGGGAGAATCGTCGACGCCT,20,1
TGCTGCCTTGCGCAGTCGGCTG,22,1
TATGATCGGGTCTGGGACACGG,22,1
ACCTACGAGACGGTCGAGCT,20,1
TCCGACCTGATGATCCTGCC,20,1
TGGATCCGTTGCTGCTTTGCGC,22,1
TGGAGACCGACGCTTCCGAT,20,1
CGGGAAACAAGGAGCGAAGCCC,22,1
TCTGGACCCGTGGCTAGGAA,20,1
TTATGGACGCAGGTCTGGGTAT,22,1
TGGTGCGGTCTAACACAGCTCG,22,1
TGGGCTCACTGGGGCAACTG,20,1
TGAACCGGCTGAAGAAGCTA,20,1
TCAAAGGCTGCTCTGAATCG,20,1
ACCTACAAGGACACCCTGAA,20,1
TTCGGACAAGGAGAATGGCGCA,22,1
CGAGACGGGCTCTGCCGTGCGG,22,1
TCAGGGAGTAGACTGGCTCG,20,1
TCATGCCTTTCGGGCTAACGGG,22,1
TCGTAGGAGTAGGCTGCGTCGT,22,1
CGGAATCGGCGTTTCGGATCTC,22,1
GGTGTAACCCCACGGGCTCCAT,22,1
TCCGGACTCGACCAGAGCAG,20,1
ACTGCGGGCCTCTGTCGGAA,20,1
CGTGTTGAAGGGCGAGAACGGC,22,1
CCGGACGTAGACTCCAGCAGAT,22,1
ACGCTTCTGACGGTATCTGCGG,22,1
AGCTGGTGATGGCTTCGACC,20,1
TGGCACGAGAGCCCAGGACG,20,1
TGGTCGATCTCACTACGGAA,20,1
TGAGACTGCAGAGGCTCGTG,20,1
ACTACCTGGCCAACTTCGACAT,22,1
TTCCGGAGTCTGAGCTCGGCTT,22,1
TTGTGACACCGGAGCAGACA,20,1
ACAGCCGACGGTGGGAGGCTCG,22,1
GATTGAGGGAGGATGGGACTTT,22,1
AGGTTGCTAACGGCCGGCTA,20,1
CGCATCTCTGCCGCCGCCGTTC,22,1
TGAGGGCACACAGGATTCCA,20,1
CGCTGGGTCCGGATCCATCT,20,1
TTGGACGAATAGCCGATTGG,20,1
TGGGGACTTGGACGAATGCG,20,1
TCCATGGTCCTGCATTTTGC,20,1
TGGCCCTGACTCGTTAGCGCAA,22,1
TGGTCATGTAGGACACGGCGCC,22,1
TCGGGACAAGCGGACGACTGAT,22,1
TCACGGATCAGAGCGGTCCTTA,22,1
CTCAAGCAGGGCGACCTGAGCA,22,1
AGCGGCAGATGTGACGCTCTCC,22,1
CCGAGCTGTACGACTCGGGCAA,22,1
CAGCTTAATGAACTGCTGGA,20,1
TGGGACCGAGGACCGGAACGAG,22,1
TGGCGGGCAAGAAGATTGACGA,22,1
TGGGCTTGCTTTGGACCGGCTT,22,1
TGCAGGCTGAACAGGAACGC,20,1
TCTGACGGGAGCTCAACTGT,20,1
TATAGTGGTAGACCTGCCGCTA,22,1
TCGCATCGTGCTCGGCAACA,20,1
TCGTAGCCCCTTTGACGAGA,20,1
AGCCCACTAAAGACGGCGAAC,21,1
CGACCGGCCTTAGCCATCGTA,21,1
GGGTATTTGTAGCTGTGCGGG,21,1
CGGCGGCGGCGACGGCGACAT,21,1
TGTGACGGACTCTGCCGCAGG,21,1
ACTTGTCGTTGGCAAGAGGCC,21,1
TGGTCCGAAGCAAACTGCCAT,21,1
TGGAAGTAGTGGCGGACAAAA,21,1
AGGCGAGGCGGGACGTCGACA,21,1
CGTGGGCCAAGGCCGCCGCAA,21,1
CGTAATGGCAGAACGTCCGAA,21,1
TGCCTGCCGAACTGACAGTGG,21,1
AGTACCCAACGGGCCCTGCAG,21,1
AGCTAGCGGGATGATGCTCAA,21,1
GCACTGTCGACAGGACGGAAA,21,1
TTTCTGCTGTGTCGGTCTTCT,21,1
CGAAGTCGGCTTCTGGCATTA,21,1
TTGGAGCCATACCGGACCTGT,21,1
CGTGATTCGGGGTTGGGGAAG,21,1
TTGCGGAGTGTAAAACCCGGC,21,1
CGTGAACGGACGAATTGTGGC,21,1
TCGGGCCGTGGAGAGAACGGC,21,1
CTGGGAATGGCAGTACTCCAC,21,1
GAGCAGTCGACTGGTCTCGAG,21,1
TCGATACCCCCATAAGCCCGG,21,1
TGGACTGCAGTCGCCGACATC,21,1
TTTTTCGAAAAGAACGCGACG,21,1
ACCGACCAAGGTAGAAACCGA,21,1
TCAAGGCCTGGTGATCGGTAA,21,1
TCGGAGTGCTGTTGGCAGCGA,21,1
TCAGGAGCAGCACTTTGACGG,21,1
GGGGCAGTAAGATACGGACCG,21,1
CGTTTGAACTCTGCCGGGCTT,21,1
TGTCGAGTCGAAAGGAGTCGT,21,1
TCAGTCTCGGGGTGGTGAGCA,21,1
GGACCGGACCATGGCAGATTT,21,1
TTGTACTTCTTGTGGAAGTCG,21,1
AATGGACCGGACCATGGCAGA,21,1
GGCAGGTTAGTGGAAGCTGCT,21,1
TGAGAAAGCTGGACAAGCGGA,21,1
TGAGCTGACGTGGAACCACGG,21,1
GCGGCCACCGTAGGTGTGATC,21,1
AACGACTGGCGGGCTGGGCGA,21,1
CCGGCAGCGAAGGGCTCGCGA,21,1
CGGGGAGGAGAACAAGGGCGA,21,1
TGCGGCATCTTTGTACTTCTT,21,1
TGAGTCTTGATGGTGTACTCT,21,1
TTGTCTGTCTGTGAGGAGGCT,21,1
GCTGGATCAGAGATTAGCGGC,21,1
TCGGCGTTGGCGGATTTTGCT,21,1
AGAATGAAGCTGTGGCCCTTT,21,1
AGCCGGGTCGGCTAGGCGGGA,21,1
CTGTCGTTCCACCGCTTCTGG,21,1
CTCAGTCGACGGCCTTGATTC,21,1
CGTGGACTTCTGAACATGGAG,21,1
AAGGAATGGCTGACCGCAGAG,21,1
TCTCGCACTGGTAGACGACGC,21,1
CGGTACCCCTGAACCAGCCTT,21,1
TGCCGTCTTGCGGGACAGGGC,21,1
AGAACTTGGGACCCTTCCGAA,21,1
CCGGACTGAGGGTGATGGCTT,21,1
ATGCGACTTAGCCATATCTTT,21,1
TCTGTAAATAGGCTTTTAAGC,21,1
TCCGGTAAAGCGTACAACCTG,21,1
TCGTTCCTGCCGTCTGACGTT,21,1
ATTCGTATCCGGCGTCTAGTA,21,1
TGCAGTCTGGACAGCAGAACG,21,1
GAGAACGTGCTGGCAGATGCT,21,1
TGGACAACTGCTGTTCGCTGA,21,1
CGCCTCTCCTGGGTGCTCAGA,21,1
TGTGACGCTGGACCCTGTGGA,21,1
CTCGAGCAGGACTTTGGCAGC,21,1
TTAGGTAGACCGTCTGCGTTT,21,1
TGCGCGATGTGCTCCGGGTCT,21,1
CCTGTACAGTCTACTGTTCGC,21,1
CGTTTGGGACTCTAGGCGGTT,21,1
TTGGAGATAATACAGGCTCTA,21,1
CTCTGACAAGTTAGAACGGGA,21,1
TTGCTTAGGACGGGAATCTTG,21,1
TCGGACATGCGGTTTTGACGG,21,1
TCCGAGACCACCGGAACCTCC,21,1
TTCAGGCTCTGTGTTGGCGCT,21,1
CCAGTCTTTTGGACGAGGGTA,21,1
CGCTGATCTCTGATCCAGCTG,21,1
TCGGTGTCCATCCTGACAGGC,21,1
ACGGACCGCCGTGACTTCTTC,21,1
AAGGACCTCGAGCAGGCTCTT,21,1
AGTTGGTTGCTGTAGACGGCT,21,1
CGACGGATGACGAACTGGGTC,21,1
TGGGCATGAAGAGCGAAGACG,21,1
CCGGGCTGAGGTCGATGCCAT,21,1
TGAATGGGAGGGCGCAGCTCT,21,1
ACGGCGTGATGGTCCTCGGCT,21,1
TGCAATCGAGCGAGCGCTGCA,21,1
ACCAGCACGAAGAACGAGACC,21,1
TGCGAGACAGAACACCGACCT,21,1
TGGATCAGAGATTAGCGGCTT,21,1
GACAGAAGGGCAAACTGAGTG,21,1
TCCGGCGTTGTCGGAAAGCCA,21,1
GCTGGACTGGTGGCCGAGCTA,21,1
AGGGCTTCGCGCCTCTCCTAA,21,1
TGGGTGCGGAAGTTAACGCCT,21,1
CCGTTAAAGGTAGTGCTCGGG,21,1
CCGGTGGAATTGGGCCTGGGA,21,1
TCTTGTCAGGCCGGACGTACT,21,1
GCTTTGGCTGTGAGGCGCCCG,21,1
TGGACGGGGGACTTGCCCAGA,21,1
TTGGCCTCGCGACTATTCGGA,21,1
TGCAGGCTGAACAGGAACGCG,21,1
TTGGGCCCTGTTTCAGACCGT,21,1
TTTTTGGACAGCAGCTCCTGG,21,1
TCCGAACATCCCGCCTCCGCC,21,1
CGCTGGAACATTACGAACCAG,21,1
AGGCCAACGTGGAAGTCGGCA,21,1
TCAGAACTGGCGCCAAGAATT,21,1
GCCCGGAATCGACGGCTCCGA,21,1
TCGCATCGTGCTCGGCAACAT,21,1
TTTAGGGCGTGAAATTCCCGA,21,1
GCCTTCGGGCGCGTGAGTTCG,21,1
TCGAGATTAACGGAGAACCGG,21,1
TTTGCAGGATAGGAATTACTC,21,1
CTGGGCCGACCTTTAGCCCAA,21,1
CTGACTGAAGGGCTTGCCAAC,21,1
AGGACTATTGGTGGCCCGACA,21,1
GCTCATGTTCCGGTAGGCTAT,21,1
TGGGCTCACTGGGGCAACTGT,21,1
TGGGATATGCGGCAGCTCTGA,21,1
GGATTGGAAGAACTTGGGACC,21,1
TGGCGGACTCTCACTGCGCGA,21,1
CCCGGGTTCAATTCCCGGCGA,21,1
TTGTCTCCTGCGAACTTTGGG,21,1
CCTGACAATTCGACTCGCAA,20,1
GGCGGCAAGAAGAACGGTGGC,21,1
ACCTGGATCGTTCGATTCCGG,21,1
TCGGGGGCAGGAAGAAGCTC,20,1
TCTGTCGCGGAACGCTACGC,20,1
TGGCAAGTATAGGCCTGTAA,20,1
TTGGGTGTTTGCCAGTCCAGG,21,1
AGATAGCCAATATACTCTGTC,21,1
CTGACTTCAGGTATCTCTGTC,21,1
CCCGGATCTCCAAGGCTCGA,20,1
CGACGGCCGGGCACTCCCAA,20,1
ACAAGACTGAAGATGCTGGCT,21,1
CCGGGCCTATTGCATCCGCTA,21,1
TGGCGGAGGCCTTTTCCATGG,21,1
TGGTCGTACTGGGACGGGCAA,21,1
TGGATTGAAGCAGGATTCGAC,21,1
CTGGACGATGAGGTCGACGAT,21,1
TCGGCCAAAGCACACTGACGG,21,1
TGGGTGTGACGTGTTGGGTCT,21,1
TGGGCCGGCAAAGACTCTTT,20,1
TGGCCAAGAACGACGCCGAA,20,1
TCCGGTTTCTGCTTCGATCG,20,1
TGGGAACGACTCCGCCGCCTG,21,1
ACAAGTGTGGGCTCGACGGCA,21,1
TTCAAGTGACGAAGCTCCTCA,21,1
TCGGGACTGCAGGCCGACGCC,21,1
TCGTAGCCCCTTTGACGAGAT,21,1
ACCGTTTGGACCTGCCGTCGT,21,1
TCGGGTGAGAGGTCTGCTCAA,21,1
CGGATCTCCTCTGGGCAGGCG,21,1
TCTGTCCGCACCTGTGGATTA,21,1
AGGTAGGCCACATAAGCTCTC,21,1
ACGGAATACTCCGCCCCGTC,20,1
TAATTCGGTATCGGTAGCGGA,21,1
TGATCTCTTCTGGCGGAGGCG,21,1
AGGACCTTGGTTAGATTAGCT,21,1
TGGACACATTCAGCTCGGTCT,21,1
CTAAGCGGAAGAGGAACTGGG,21,1
CTTCTTGCGGATGAGGGGCT,20,1
CGCATCTGAACGGAAGTTTT,20,1
CCCGAGTTCGATTCTTGGCG,20,1
ACCCGGAGGTCTCTGGATCG,20,1
CTGGACTCTAGGACAGCGGAC,21,1
TGGGCTTGACAACTCGGGTC,20,1
CCGACTTATGGCTTTCCGAC,20,1
TGGGAGGATGGTGGTCTCCGG,21,1
TCGTACTGGTCGAACGGCTC,20,1
GCAAGGCGTGGGGACGCCTAA,21,1
AGCTCGTGCCTCGCCGAACTC,21,1
TTTGAACTGCGGCGATTCCAA,21,1
TGCTGTAGACCCATGCGCCG,20,1
TTTGAGGACCGCTCTGATCCG,21,1
AGGAGCATGTCCTGGAGCTC,20,1
CGCACGGAGGGTTCGTCTGA,20,1
GAAGCGGAAGCGCTCTGGCAT,21,1
CGGGTCGCCGCCCCGAAGAG,20,1
CCAGCAGTGGATCGCTGATAT,21,1
TCAGTCTCGAGGGCTGGTGCT,21,1
ACTGTCACAGACCTGAAGGAC,21,1
GCTGGTAGGAGCGGGCTTTA,20,1
TCGGACGCGGATCCGCTGCAT,21,1
CGCTGTTGACGAGGGACAGA,20,1
TGAACTGCTGGACGCTTTCGC,21,1
TGCAGAGCTTTTGAGCGAGGA,21,1
TCGGTCTTCTGTCCTGGGATG,21,1
ACGCTCGGTCTGTCCGTCAGT,21,1
TCCGCATCTCTGCCGCCGCCG,21,1
ACGGTCTTTGGGATAGTCGGG,21,1
TGGAGACGAAGTTCCCAACAA,21,1
GGGACCTGCAATGCCGAGGAC,21,1
ACCGGCGAGAACGTGGGCGTC,21,1
GCTGGATATAGCGAACCCACG,21,1
GGTTCGATTCCGGGTAGGACC,21,1
GGCTCTGTGTTGGCGCTGGTA,21,1
CCGGTACCCCTGAACCAGCCT,21,1
TCCGAACTTGTCTTTGGGCAT,21,1
CGCGACCGTGGAACCGGCCAT,21,1
TTGGCAAGAACGAGGACGAGG,21,1
GCGGGTGGGTTGGGCACGGAC,21,1
CCGGTGGCCGACGGGGGTGAG,21,1
TCGCCAGCCATTAGACTTCCG,21,1
TGTTCGGACGCCGGCGGATCT,21,1
GCGACGACGAGGCTCGGGCGA,21,1
TTCCAGCCCTGTAACGGCCTA,21,1
GGGCGGGCAAAGGCTGGTTCA,21,1
CCCGGGTTCAATTCCCGGACA,21,1
TCTCGGAGAGCATGGACGTTG,21,1
TGGGTTCTGCTGCAGCAACGC,21,1
CGGAGCTGTGGAAGATGTTCT,21,1
TGGCTCTTGCGGTGACCTTCC,21,1
GGAGCGGATGTGGTGCAAATT,21,1
GCTGGAGGGCCGGAGTCTCGG,21,1
CGACGGGCGAGGACGTCTTGG,21,1
AGGCCTCGGGACGAGCAACCT,21,1
CGACCTGTATGAGCTGCGACG,21,1
TTCGGCAAATCGTCTGAGCTA,21,1
ATGCAGGACGGTGGCTCTGCC,21,1
GCAAGAGCCACCGAATACCTT,21,1
AAGGATCGCGACTATCCATGA,21,1
GCCGGGCTTGGCGGACCATTT,21,1
CAGGGGGTTCGCACCGGGGGT,21,1
GGGCTTTGTTGGAAACGGTCT,21,1
TGGTGGCTTGTCGGATATCGG,21,1
TGCGAAAAGCAGTGAGGTACT,21,1
TGGAGCCCTTGTCAGAGCCCA,21,1
TCGCCTGTAATTCCGTCTCCT,21,1
ATCCGGGAATTCGCGGACGTA,21,1
TCGAGTTATTTACGGGCTCAA,21,1
CGGTTTCGCGCCGGGTGAAAC,21,1
CGGATATTTGTATACCCTATC,21,1
AGGAGGACAAGAGCATTTCGT,21,1
GCTGTGGCGCTGTACTGGCTT,21,1
TCGACAATTGGAGCTCGGCAT,21,1
TTACTCGGACGAGGAGTTTGA,21,1
AGAGAGCGGGTCTCTAGGGCG,21,1
ACGCTGCTGGCATGGTGGCAA,21,1
CGCATCAGGCAGTGGCGCTCA,21,1
TCCGGCGTTATCGGAAAGCCA,21,1
TTGGCCAGGAAATCTGCCCAA,21,1
AAGGTCGGCATGTCTGAAGGC,21,1
AAGCTCTCTGTGACACCGGAG,21,1
AGCTACCGAGCCTGGCTCTGA,21,1
TGAGCTTCACGGATCAGAGCG,21,1
CGGAACGCAAGTTGGTTCTCT,21,1
TGCTCATGTTCCGGTAGGCTA,21,1
ACTCGGTAAAGGCTGGCCAAG,21,1
TCACCAAGGCTGTAGGCGGGC,21,1
CGAGCCCGTAAATAACTCGAA,21,1
TCGGAATCGGATTCGGAACCC,21,1
TCCGGGGGAAGATGACCTCA,20,1
TGGTGTCGCCTGTGATGGACGT,22,1
TGGCAGAAGAATTCGGAGCCAA,22,1
CGGCGACGTCGCAATCTGCTGGC,23,1
TCTCGGATAAAGCGCCGGT,19,1
CTCTGTGTTGGCGCTGGTAGGAG,23,1
GCGGTCTAACACAGCTCGG,19,1
CCGCTCGCCAGATACGATGGGCT,23,1
AGCTCCTGTTTCTGCTTCG,19,1
TCGGCATTCTGTCTCACGACATG,23,1
AGAATGATGGGCGACGCAA,19,1
GGGAGGAGCTCCGCGAGAACCGC,23,1
AGTGGGACCTGGAGAAGCTGGCA,23,1
GAGCGCGAGAAGGCTGAACGTGA,23,1
TTGCTCTAGAACATAGACG,19,1
AGAATGGCGCCCGGAACTC,19,1
AGTTGGCTGTAAATTCGGC,19,1
TCGTATGTCGACGCAGGAGATCA,23,1
TGACTGTGACCAGGACGCCAAGC,23,1
TGGTCGTAGACCGCCTGAC,19,1
AGCGTCGCTGAGCCGTTGAACCG,23,1
TGGGCTGCAGCAGTTTGGCTTTC,23,1
CCGCGATGCCTGCGTCACTGCAA,23,1
TTCAGTGGATTCGATCATTG,20,1
TGCTGTCGACTCTGGGCTCGGCT,23,1
CCGGTCGCGTTGCGTGAGGC,20,1
GGGGTCGGCGGCTAGGACCT,20,1
CGAGTTGCTGTAGCACTCTGAAA,23,1
TGGCGTTCGGTCCAGGTAGG,20,1
CGACAGGGATGGACGCTGCTCGC,23,1
TGCAGCTTTTGGTAGGAATCGGA,23,1
TGGTAGGTACTGTACGAACCACC,23,1
TCTGCTGGTACTGTCTCTAGGCA,23,1
TCAAGGCTGTGGAGACGAA,19,1
TCCCAACCGGGCTGGACCTTGAA,23,1
TAGGGCGGTAGAGGCTATGGCTC,23,1
GCGGTACCATGGACCGGCT,19,1
TCGACTCCCGACCCGGCGAACCT,23,1
TAAGGCTGCCGGAAGTCTC,19,1
TGTTGACGTTGGAAATGGCCGCT,23,1
TCGAGCCTGGGCCGAATCA,19,1
GTGGATTACCGCGCGCTGA,19,1
TGCCGCCGGCACTGAGGCTTGCT,23,1
TTCGGATTAGCTGATTGCA,19,1
TCGTAGGTTTTTGCTTTGCCGGG,23,1
AAGGTAGAAACCGACGCCT,19,1
TCGACTCGCAACTCGTCGT,19,1
TTCTGAGCACCCAGGAGAGGCGC,23,1
GCGTCTGAATTCGACCAGATCGT,23,1
AAGGCCGTCAGCGGGCATT,19,1
ACGGTTTGGACTCTCAACGGCGA,23,1
ATTCGGGCGGCTAGCTTTTCGGC,23,1
AGACGGTGATCGAGGTCGGCGGG,23,1
TGGGCTGAGACTGGCGCCGAACT,23,1
GACGTCAGGCAGCGCTCGGGCAT,23,1
AGGGCTAATTTGCACGTTGGCAT,23,1
TCGCCGCTTTTTGTTGGCT,19,1
AACTGGTGGTCACCGCCCCCGTA,23,1
TGTGCTGGACACCGCAGAA,19,1
GTGCTTCCCTTTGGGCTAA,19,1
TGGGTTTTCGAACTGCGAA,19,1
GGGCCCAAGAGAATGGCAA,19,1
CTATCATGGACTTGCGGCCGACA,23,1
GGCGACTCGGCCGAACTGGCTCA,23,1
TGGCCGAATGCGAAGAACAATCC,23,1
TGGCAGAGCCTCCGGCTGT,19,1
ACGGGATCCCGTCCGCTCTC,20,1
AGGCTGGAGTCGGAGCAGAACCT,23,1
GGTCTGTGTGCGGGCTTGGTTCT,23,1
TGGACGAGAGCACAGACGAA,20,1
TTGACGATGAACCTGGCTGGCAA,23,1
TGCAGGAGATTGAGCTCAGTCGC,23,1
TGGACGAAGACGACGACCCT,20,1
TCGGATCCTGTGAATTCCGACGG,23,1
CCGACTCGCTCACCTGGAGGGAT,23,1
TGTTCGCCCCCCAGAGCTTA,20,1
TGATCTTGGACAAGGGCAACTAC,23,1
TTTTGACCCGTTCGGCACCT,20,1
TTCGGTCCCGAGCACTACCT,20,1
AGACTGTGAGCGCGGGTAACGCA,23,1
TGCACGCTGGATGGGACGCT,20,1
GCGTAGGGTTGTGTGCGTTA,20,1
TGTGGCCTACCTGCAAGATG,20,1
ATTGGGTTGCTGAACGACGGCAA,23,1
TCCAGTGCTTCTCTTCGGGG,20,1
CGGCAGTCAAACGGGCCTCT,20,1
CGCGACTGCTTTGCCCTCGCCAA,23,1
CCCCGGATTTGGGTGGCGAA,20,1
CTGCTGCGTCCGGGTACTCC,20,1
CTTTGGACTGAAGGTCGGAC,20,1
TTTGGGCGACGGAAGACTGCTGG,23,1
ACCTCCGTCGATGCTCCAAG,20,1
TGCCGTACGTCGATGTCTCTGAA,23,1
CTTCTGGCGGAGGCGGCTCTCTT,23,1
TTGGGTTGCTGAACGACGGC,20,1
AGGACGAAGGCAGCGACTTTGAC,23,1
AAAGGGGCTACAATCTTTGAGAA,23,1
TCGACGACCGTGGCGCCAAA,20,1
AGTGGATTGTAGTGGCTTTTGTT,23,1
ACGCCTTTGAACAGCGCCTT,20,1
TGGCAATAAACTCGTGGATA,20,1
TCCTCGGACAGGAGCCCGACGGC,23,1
TGTTCGGGGTTTTAGCTCTCAAT,23,1
GGAAGGACGCGGAACTGGAGCGG,23,1
TGCCGTGAATGGGTGGCTAA,20,1
GCGACCAGTAGATTTTGGCG,20,1
TGGCGTCGGTGTCCATCCTG,20,1
TGTCGGTGCTCTCTCGGTCT,20,1
GGTCAGATGGCCGAGCGGTC,20,1
TCTGGAACTGGAACTGGAAC,20,1
GCAGCTTCGACTCTGTTCGT,20,1
GGGTAGGTCTAGGGGCCTGA,20,1
AGCGAATCGAGCCTGACCGG,20,1
TCTTGTTCTTTCGTCGGCCTCCG,23,1
AAGCAGCTCATGGGCTCTGC,20,1
TCAATCGAGATTATGAAGCTGAA,23,1
TGCTCTGTGTCGGATTGGGGCTC,23,1
TGGTAGACCTTAGCCTATCC,20,1
TGAGGAGGTTGTGCAGCTTGCCC,23,1
CAGGAGCAGCACTTTGACGG,20,1
TCGACCTGAAACACTTTGAGCGA,23,1
TTCGCGGAACCTCCGGCCCT,20,1
TCGTGCGCAAACGTGAACGT,20,1
TGGCAGGAGAACGTGAACGGCAA,23,1
TTGGGCTGGATATAGCGAAC,20,1
CTTGTTCCATTGCAGGGCTA,20,1
CTGCGGACGGCCATGGGCTTCGA,23,1
GCTGACTCGCAGGTGCAGGGTGG,23,1
GCGGGCACCTAATGAAGGAGCTA,23,1
TGCCTTCGGGCGCATGAGTT,20,1
TGGAGACAACAACTCTGCACAAC,23,1
TTGTTACAATTCTGGGGGT,19,1
CATGCTCGCGGCTTGCAGG,19,1
TGAGTTGGGACCGGAACAGC,20,1
TTGGTTCTCCCTTGTTGGT,19,1
GCACTGATCAGAACAGCGGCGCT,23,1
GTGTCCCGGCAACGTAACC,19,1
TCGCTGAGCCGTTGAACCGACTG,23,1
TGGTCCAGCAGAACCTGCGCAAA,23,1
TCCAGCGGATCAGAGCTCGGCAG,23,1
CCTACGACCAGCCTGAATGCGGT,23,1
TGGGCTCAGGAGCTCGGTCTCAT,23,1
AAGCCGAGATCCTGCGCCG,19,1
TCCGACCATTTTGGGCAGG,19,1
TCTTGTCCGAAGTGGAGCGGCAC,23,1
ACGGACGAGGCCCTGGGTGCTCA,23,1
TGGCGTAGAGCTCTGCACCTGAG,23,1
ACCAGGAGTGGATCGAGCTCGAC,23,1
ACGGACGAGAGCAACGAGACCGG,23,1
AGTACGACTCTGACGACGAGGAT,23,1
TGGCCGTTGCTTTGCGGCA,19,1
AACGACGGCGACAACCTCTGTGG,23,1
TTCTGGCCTCAGCTTGTCA,19,1
AGGCCGTGCAGGACTTGGT,19,1
AGCTGAGGCTTGGCCGTCATCGG,23,1
ACCCCCGGTGCGAACCCCC,19,1
TGTACTTGGACTGTGACGG,19,1
TCTGTGCTCGAGCTGGAGG,19,1
TGAGACACTTCGTCCCTTA,19,1
TCGGCAACATTGTCCTCGG,19,1
CGGAACATGAACGTGCAGGCAGC,23,1
TTTGCGAACAGCACACTGACATG,23,1
GAGTGGCGTGCCTGGGCGA,19,1
TCTCTTTCGCATCGTGTTCGGCA,23,1
TTCGGATTCGGCTATTGCA,19,1
GCGGCACGGACGACTTTGA,19,1
CGTTGGGATTGGCGAATCGGTGG,23,1
TGGGACGTTCGGGATTTGACGGC,23,1
GAACAGGAACTGGCGGCTCTTCG,23,1
CAGGCTGGTCGCCTCACGTTGAG,23,1
CTCGGAGGACCGGCGTCTTTGTT,23,1
CGGGGGAAAATGACCTCAA,19,1
TGCGGATATGCGACAATAACCAA,23,1
TTAGACGGCAGGAACGAAA,19,1
ACCGAGAGCTGCTGGCAGT,19,1
GTCGTCGCACGTCGCGCAGCTGA,23,1
TGGACTTTTTGACGTTGCTGCCC,23,1
GGCCGTCCAGCGTACCGTGCTCA,23,1
GAGGAGGGTTGAGGTTTTGCGTG,23,1
CACGCAGGACAGAATAAGACGAT,23,1
TCTGGAAAGATAGCCTGGACGAT,23,1
TTTGAAGCCTGGCGGACTCGGTG,23,1
TTAAGTGGATTGTAGTGGC,19,1
TCGGGGCCTTCCTCCGCTC,19,1
GCGCAGGAAGAATTCGACCGCCT,23,1
TCGGCATGAGCCTGTTCGACTGT,23,1
CCCGATCGAGGGCTTCTTGCTGG,23,1
TGGGCCTTTCTGGAGTTCC,19,1
TTAGCAGAGACTCGCTATA,19,1
GCGGGGTTGTGGAGGAGCA,19,1
TAGTGCGTCGGGTTTCGCTCCTT,23,1
TGTAATTCGACTGCGGCTTTGGT,23,1
CTGGCAGATCAGTTGGACGACGG,23,1
CGGAGAGTCGACGACAGCGCCGT,23,1
CATCCTCTGCTGCGCTCCT,19,1
TGTCCTGGGGGCTGTGGACAGGA,23,1
CAGGACCCGGATGCTGACGTCGA,23,1
CTGGACAAGTCTCGCCTGGACGT,23,1
TCCCCCTCTGAAATCTGTAGCGT,23,1
TGGTCCGAAGCAAACTGCC,19,1
GTGATATCGAGGACTGGCTCGGC,23,1
ACGGCTTTGGAACGAGCAC,19,1
TCGAGAATGAAGCTGTGAC,19,1
ACTGGATCCAAAGTTTTGGCGCT,23,1
TAAGGCCGGTCGCTCACTGACTT,23,1
TGCAAGAAGTCGGCTGTACCGGC,23,1
ACGGAAGGAGCTCGGCAAGCGGG,23,1
TGGGTATTAAACCCGGTAA,19,1
TTCGTACCGTAGGCTGCTGACGC,23,1
CGACTGAGCTCCTGGCTGACTGC,23,1
TTGGGGGTGAATCGGCTCT,19,1
TGGAGGACAGAGGAACGCT,19,1
ACCAGCGCCAACACAGAGCCTGA,23,1
TGATCCGTGAAGCTCACGAGCCC,23,1
TAAGGAATGGCTGACCGCA,19,1
CGGAGCTCGTGGGCATCGA,19,1
TCCCTAGTTCAATCCTGGGCGGG,23,1
TGTCCGTCAGTCTCGGGGT,19,1
CACGAGGGCGGAGGACTCGGCAC,23,1
CCCTCCAGGTGAGCGAGTC,19,1
TGAACTCACGGGTACTAAACACC,23,1
TGGCCGGTCTGAAGCGCGCTGTG,23,1
TGTAACCCCACGGGCTCCA,19,1
ACGTGGCCGGGACGTTGAA,19,1
TGTGGCTCAAGGACCAGGC,19,1
TCTGTCCCGACCTGGCCAGCAGT,23,1
CCTTAAGGAATGGCTGACCGCAA,23,1
AAGAATACCTGACGGCATTCCGC,23,1
TTGGACTGAGGTGGTTCTCATCG,23,1
TGTCGATCTTGGTCATCCTCCGG,23,1
CGTCTGCCACGGCTCCGAC,19,1
CCGCTGATCTCTGATCCAG,19,1
GGGACCGAACCCCGAAACC,19,1
TGAGTATTGGGCCATGGCGGGCA,23,1
TCTTGTCTCCTGCGAACTTTGGG,23,1
TGGCTGAGCGAGGATGAGC,19,1
CCGCACAAGTTCGAATCTTGTCG,23,1
AGGAAGCAGAACGCTACAT,19,1
GATGCCGCAGGACCGCCGA,19,1
TGGGTCAACAGAAGCTGGA,19,1
TCCGCGAAGGTAAGACTGTGAGG,23,1
GATAACCCGGCTGGCTATCGACA,23,1
ATCGTGCCAATGCACAATG,19,1
GCTCTGTGTCGGATTGGGG,19,1
CGGCAATAGTCGCTGTCAAACGT,23,1
AGCCCGTTACGAAGAACAGGCGA,23,1
ACCCCAGATTGGACGAACCCCCG,23,1
GGCAGATCAGGACGACGCT,19,1
TTATCGACCACAAACTCTG,19,1
TGTCTCGGACGTCGAGGAGCGCC,23,1
TCCGTCGATTTGCAAGGTGAGCC,23,1
TCGGTGATCTCTGGAGCAGGCAT,23,1
CTGGTCGCTGAGATTCTGTGCGG,23,1
TGTCAAGTGCGGCGCTGAC,19,1
TGGAATCGAGGATATTAGGGGGT,23,1
TCGCGAGTCTGGAAACTCCTGAA,23,1
TAGGGCTGCAAGATCTAGCCCAA,23,1
TAGAGCTACTAGACGCCGG,19,1
TGGACGCAAAAGGCCTGGACAGG,23,1
ATCAACACGTCGCGAGGAGGCCT,23,1
TGCGGATCTCTTGGGCGTGGCGT,23,1
TGTTGGTTGTCGGGCATGGCGCT,23,1
TAGCGAGTCTCTGCTAATTTCGG,23,1
CAGGCTCTGGACCATGTGGATTC,23,1
TGGACGCCTCCTCTTTGCTGGT,22,1
TCGGACAAAGAACTGGTGGCCG,22,1
TCGGACGAAGGTTCTGCGGC,20,1
GGCGAACGCGGCGAACTCCT,20,1
TCGGTCCGCGAGGCGTAGGCTT,22,1
GAGGGTGCAGGGCGCTGCCGTG,22,1
CTTGGACAGACAGGATACTGCG,22,1
TCCGTTCGCGCTACAAGCCCAA,22,1
TCCGAATAGACGTGAGGCCA,20,1
AGCGGCGCAGAATCTCGGCTTT,22,1
TGGACACAGCAGACTCTGTCAT,22,1
CGGAAGACGGACCTGAGGAC,20,1
CTCGGAATGGAGCAACGCGAGT,22,1
ATCTTGACAGGAATTCGGCCCA,22,1
TATGGTTAGACGCACGGAAC,20,1
TCTGCATTGACAACGAGGCTCT,22,1
TCTGGTCCTAACTCTGGGTGGC,22,1
CCACTGTTAGATGAGCGGAACT,22,1
ACGGCTTGGACGGGTGCTGCGC,22,1
TGCGGTAGGACGCAGCTGAACG,22,1
TCTCTTCCAGGATAAGGGCC,20,1
AAGCAGAGCGCCCTCGCCTG,20,1
TCTGGGAATGGAACAACTGGCT,22,1
TCCGACCTATGCCCAGGCTGAA,22,1
AAGCTGCGGTACCTGCACTG,20,1
TGGAGTGTAGCGCTGACCAAGC,22,1
GCCCGCAGAAGAAACTGGAT,20,1
TCCTGCCTGCCGAACTGACAGT,22,1
GTAATTGCGGGAGGTAGGGGAT,22,1
TCGGGACCACTGGCATTCTCAA,22,1
TAGTCAGCCCATCGTATCTGGC,22,1
TGGGGCTTGGTCTCTGACCGGT,22,1
TCCTGGCTGGTCTGTACGGT,20,1
TGGGTATCCAGCGACTAGGAGG,22,1
AGTCGCCGTCGTGGCAAAGG,20,1
GGAAGCGTTAGGGGCTTTGTAA,22,1
AACGCACATTGCGCCCGCCG,20,1
TTTGGGCTGATATTTTGGGCAT,22,1
TGGCCGAAGTCGAAGGCGGG,20,1
TGGGATAGTCGGGAAGGCGC,20,1
AGGGATTTTGGCCCTGACTCGT,22,1
AGGCTTGTGAACAATCCGGC,20,1
TGGTACCAGCGGTATAGGCTCC,22,1
AAAAGGCGCTGCCGGCCCTG,20,1
CAGGCTGTTGACGGAACCTCAT,22,1
TGCAAATACTTCGACGACCG,20,1
CGCCTACGTCGATCAGGCCT,20,1
GCAGACAGACTCTCGCAGCG,20,1
TAGGGTCGTTAAGCGGGAGCTC,22,1
GCGCCTTTTGTTGCTGACCGGT,22,1
GGTGGACAAGGCCGGCCTCTGA,22,1
TCGGAGACAAGAATGAGCGCAT,22,1
GCGCACCTTTGGGTTTGCTCTG,22,1
TCGACTCCCGACCCGGCGAACA,22,1
TGCCCAAGGATAAAGAAGGCTA,22,1
CCTGAACAACCTGGCCGGCA,20,1
CATGGAGGACTACGCCGAACAG,22,1
CGGGCAGCTTGACCAGAACTAG,22,1
CGACTGTACGCCGTAACCTT,20,1
TTCCGGACTCAGCGGGAGAACA,22,1
TCAGGCTCTGTGTTGGCGCTGG,22,1
GCCGGGCTATACGCCAACGC,20,1
TTTGGGAACATGTAGCAGTC,20,1
CACCGGATCCGCATGAACCCGG,22,1
CGGATCTCAGCTTCCGAACT,20,1
AAAAGGCAGAGCTCGACGACCG,22,1
GGGTGACCACTGGGGAATCC,20,1
TTGGTACGAACGGCCGACGG,20,1
CGGAAACGGCTTTAGACGGACA,22,1
CGAGCTCCTGTTTCTGCTTCGA,22,1
AGGGGCTAGCAATTACGACCTG,22,1
CGGTTCGATTCCGGGTAGGACC,22,1
GCGGCCGTGTGTGGTGTGCTGA,22,1
ACAGGGTAGCTGACTCGCAGGT,22,1
CCCTGTTAGGCCTATTGGCACT,22,1
GGCCGAAGATCTTGGGCTCA,20,1
GGGATCCCGTCCGCTCTCCC,20,1
GGGCCCTGTTTCAGACCGTA,20,1
TGCGATGTCGGGCTTGCCATCT,22,1
TTCTGAGCACCCAGGAGAGGCG,22,1
TCCCTTATAATCTGAACGCCTA,22,1
CCCACGGGCTGAACTGCGGCAC,22,1
TTGGGCCCCGTAGGCCCGGT,20,1
ACAAGAATGGTGGACGAAGC,20,1
TCGCATTCGGCCAATTGCAGCT,22,1
TTCGGCCCCCTGTACGCCAT,20,1
ACCCTGAACAACCTGGCCGGTA,22,1
TGAGCCCAGAGCCAGTAGAGCC,22,1
TGCAATCGAGCGAGCGCTGCAG,22,1
TGGACATCGAGCAATTGAAA,20,1
ATCCACTAACCGAACGCTGCAA,22,1
CTCGGACGCTTCGGTCTTTGCC,22,1
ACAGGACCGGGTAGCCTAGCCG,22,1
TGGGACCGCTGAACGAGGAGCG,22,1
TCAGCGACGCTGCTGGCATG,20,1
AGGCAGTTGATCTCTGCGGC,20,1
TTAGCGGAAGCCCTGCGTGA,20,1
GTCAACGGCCGCCCGCTCAA,20,1
GGTGGACGAAGCATCGAGTA,20,1
CAGGCCCGAAGAGCTCTTGGGG,22,1
AGCCGCACCCGAACAGAACACG,22,1
GCCGAACCTGCAGGGGCTCGAC,22,1
CTCAAGGAGAAGAATTTTGAGG,22,1
TGCATCAGGCGCTCTGGTCA,20,1
TGACGGATGGCGGGCAGCTGAA,22,1
TCAAACGGAAGAACGATGGCAT,22,1
TCGCCAGATACGATGGGCTG,20,1
CTGGACTTGGTGCCTGGGCGAG,22,1
TTGAGATCGCTAGGACGATGAA,22,1
TCTCGTACGAGACCTTTGCCGG,22,1
ACCCGAACAGAACACGAAGAAC,22,1
CGGGAACGGGATTGGTTCTCCC,22,1
CGCCTGCTTTGGCTCCATCAAA,22,1
TGGACTGTTCTGGCACGAGCAG,22,1
TCCGGTGGAATTGGGCCTGG,20,1
TGGACCGACAACGAGACTGG,20,1
AAGCCGAGATCCTGCGCCGCTG,22,1
TGCCACGCGGCGTTGTGGGCAA,22,1
TCTGAGCTTGACGCGACGTCGA,22,1
GCGGACCTGGATGCGACGGTCT,22,1
TTGCAGGATAGGAATTACTC,20,1
AGGCACCAAGGGCGTCGCTG,20,1
TCGAGCTCGAACCCGGCAGGCC,22,1
CTGGATTCACAGTGGACCGGAC,22,1
TGGACCAGCGAGTTGGCCTGCT,22,1
TACCGGGCACTGCAACAGGA,20,1
TTGCAATCGAATGGGAGCAA,20,1
TCCGGTGGAATTGGGCCTGGGA,22,1
TGGGAAAGGACACCCTGATC,20,1
CGGGACGTTGAGCAAGTGTGGA,22,1
CGTCGTCGACTTCTTCGTCTGA,22,1
AGAGGCGTGAACGGACGAAT,20,1
GGCGCGTTGGGTCTCGGCTT,20,1
ACAGGCCTCGGCAGCGACTTTGA,23,1
CGGGATCCGGAGTGCTCGGAACG,23,1
AAACAGAACCTCTGACCCGATTA,23,1
CTGCCTAGAACGAGCCAAAG,20,1
GATGGGCTGACTACCTGGCCAAC,23,1
TTCGGGCCCGAGGACGACGGCAG,23,1
TGCGCACCGACGGGCTGGGCGAC,23,1
TAGCCGGTCGACTGTCCGGT,20,1
TCTACCAGGACATAGACGCTGCC,23,1
GAAGATCGTCTGCCGCGGCTCAC,23,1
TGGCTCCCCGAACGGAAACAGTA,23,1
TGGTTTGAGAACTCGGGCGT,20,1
CGAGGACACCGCCAACCTGT,20,1
AACGTCGACGCGAGAATCGCCGG,23,1
AGGCCTCTCGAAGCCGTCGC,20,1
AGAGTGGAGACTGGACGCAG,20,1
CAGGCGCTGGGTCGGCCTGC,20,1
TCTCCCGGCTGTAGTGTTGGCAT,23,1
CGAACTCGGACGAGGCTCAGCAG,23,1
CAGCGTGAGGGCATGAACCT,20,1
CGCGCTTCGGACTCTGCCATGAA,23,1
CGAACTATGGACATGGCGCG,20,1
CCAGGGCAGTCGAGGCTCTT,20,1
TCTGCGTAGGCGCTCGCGAA,20,1
ACGGGGGCGGTGACCACCAG,20,1
ATGTCGTCGGCATGTTAGGCGGA,23,1
GGGGCTAGCAACTACGACCTGTG,23,1
CGGCAGTCTGCATGCCTCAA,20,1
CGCAGAGGTAGTACTCGGCC,20,1
CGGCTCGCCTACTCACCGTGACT,23,1
TGAAGGACCAGTTGGCCACCCAA,23,1
GGTCTGGATGTTCCGTGCGT,20,1
CGACTTACGGATTCCATCCC,20,1
TGAACGGATTGGGACTTGCGGCA,23,1
GTTAACATCTCTGTTGACGCTGA,23,1
ACATGGTCCAGAGCCTGTAA,20,1
GGATGGAGGGGCGCCGAGGTCTG,23,1
CGGTACCGGAGGTGGCCCTGTTA,23,1
GCCTGCTTTGGCTCCATCAA,20,1
TTTGGGACAACGACGTGAGCAAG,23,1
AGACGGAGCAAACAGACCGCCCC,23,1
CCTCTTCGATGAGAACTACGGAC,23,1
TCACGGGCTGGCAGGGCGGACAG,23,1
CTGGACTTGGAGCGGATGACTGA,23,1
CGAAGAGCTGATAGCCCTTA,20,1
TAGTGACGGTGCTTAGGGCG,20,1
TCTGGATTTGTGTGGACAGCACC,23,1
ATGGACGCAGGCCTGGGCAT,20,1
CAGGCCCGCGGCTATGAGCT,20,1
TCGGCTTGCGTCTCTGAGCCAAA,23,1
GGCTGATCTTGCTCTGTGTCGGA,23,1
TAGCCTGCCTCTGTTGCTCT,20,1
CGCACAGATCGTCTTCATCT,20,1
CCCTGAAGCAGCGGAACGTA,20,1
AGTGGATCAGGAGCGCAGCAGAG,23,1
GCAGCTGGAAGCCAATCGGCTAT,23,1
CCGAGCTCCGTCACGGCCGG,20,1
TGCGTCCGGGTACTCCCTGTGAA,23,1
TTTGGGCATGAAGAGCGAAGACG,23,1
TAGCGTCGGCCTGGCGCTGGGTC,23,1
CTGGACACAACGAATCTTCGACA,23,1
CAACGGACTCGGAGCGCAGATAG,23,1
CCGGCACTGACGATCTCGGCCGT,23,1
TTTGACTCTTGGGCAGGAGAGCT,23,1
CGGGCGGAAACTCGGTGGCCCAA,23,1
TTGGAAGGCTTATGAACCGG,20,1
AGGCGGCTCTCTTTTCTGTTGT,22,1
CTCGGCCGTGGGGGACCTGAAC,22,1
AGACCAGCTGGAACGAGGACGG,22,1
TGGGGACGCCTAAATACCGC,20,1
AGGTCACCTGTGGCGGGGGCAA,22,1
TGGACGACGCAGCTGAACACGG,22,1
TCTCTAGGGCGAGCTCCTGT,20,1
AGTGGTAGACCTGCCGCTAA,20,1
TCGAAGACGCTAGCTCTCGG,20,1
TGGATGTCTGTTGACTTGTCCG,22,1
GCCGCTCTCGTGTCTCTTTCGC,22,1
TGGCCCCCCACTGTCAGTTCGG,22,1
TTTGACTACCAGTCTCTGGCGC,22,1
CGGGTTCGCTTGATGGCTCG,20,1
GGGTGACCACTGGGGAATCCTC,22,1
CGGCGGGCGTACATGCTCGCGG,22,1
GGCGGGTATCCGGTTCTGGGCA,22,1
TGGACAGACAGGATACTGCG,20,1
TTTGGTGCCAAGCTCTGGGCGG,22,1
TGTGATCTTCTCAGGTGGGATT,22,1
CTTGGACTTGTTGGCATGCTGG,22,1
AGTCTCCTCGGCAGTCTGCATA,22,1
ACACGTAGGGCGGCTGAAGACA,22,1
CGACCTTGGAAATCGATGGACG,22,1
TCCAGCCGGACTCGGGCCTA,20,1
TGGAGGTACAGTGGCTGGACGG,22,1
TGTTGTTCTATTTGCGCTCCGA,22,1
ACCGGCGTGGGCGAGCTCCTTT,22,1
TGACGCTGAAGGAGCTGATTGA,22,1
TGGGAGTTGACAATGGCGCC,20,1
GGAGTTCGACAGGAACGTCA,20,1
TGGACGTCGGCTTTGTCGCCAA,22,1
TTCCATTGTAGGGTGGCCTG,20,1
TCGACGGAGGGCGTTCTGTC,20,1
GCGGTACCGTGTCGAGACCCTGT,23,1
CCCGGGGTTCGATTCCCCGT,20,1
TCGGGACGCTGGCAGTGGTA,20,1
TGGGAGGGCATGAGTCAAACCAT,23,1
CGGGGACGCTTCTGTACCTGCC,22,1
CGGAGCTCCTCCCAAGCGCG,20,1
TTGGAGAAGTCGGGCTTGGCCT,22,1
TCATGAACGAGACTCTGGCCAA,22,1
TGTTCCAGGATCTGGAGGGA,20,1
TCGGACAGAGCGAGGACGAA,20,1
ACGGCTTTGGTAACGTACTGGC,22,1
TCCAGATTTAGAGGGGGATTCT,22,1
TTGTCTTGCTGCAGATCGGGCA,22,1
CCCGGGTTCTGTAGACGGGCTT,22,1
CGGTTCTGTGGCACGGTGTT,20,1
AACCTTTGCTTGCTGGGCTA,20,1
TCGCTGTAGGCTTTGGCAAGAC,22,1
GTGGAGTTGTTTTGGGTGGCCA,22,1
AGGACCCGACCAGGCTCGGCAA,22,1
CCGGCAGCGAAGTCTGGTACGC,22,1
TGGCAAAGTGGCTGGATGAC,20,1
TCAGAGGCTGAGCTTACTCT,20,1
ACAGGCCCGACTGGCAGCCCTG,22,1
TTGGCAATAGGGGTTTGTTT,20,1
ACCTATGCCCAGGCTGAAGGAC,22,1
TGGACACACGATTTTCTGGCAT,22,1
TGGTCCGCCAAGCTCGGCAA,20,1
TCTGTACGCCGGCGTCAAGATCT,23,1
TGACGGACAGACCGAGCG,18,2
TATGTTTTGGACGTACCT,18,10
GAGCCGAGTCGTGATTCT,18,5
CGCTTCGGAAGGCCGCTC,18,5
AGCGGGCTTCTGAGCCGG,18,6
TGGGCTAGCTGTGTGACG,18,2
CGGCGGCAGGTCTGGCAT,18,12
TCTCAAGGCTGTGGGTTC,18,1
ACGGCCGGGCACTCCCAA,18,1
GCTGTGAATTCGGCGAGG,18,1
TGACGAAGACGTAGCTCG,18,2
TGACCCGTTCGGCACCTT,18,3
GACTCGGAGCGCAGATAG,18,4
TGGTTGCTGTAGACGGCT,18,2
TAGGTAGACCGTCTGCGT,18,1
AGTGCGTCGGGCTTCGCT,18,5
TCAGGAGGCTGCAGGTTC,18,2
TAAGTTGGACGAACCGAA,18,9
AGCCCGATGGGCCGAATT,18,2
AGGTATCGTGGGTCGGAC,18,2
ACGACAGGCGAGGGCGCT,18,2
AACGGACTCGGAGCGCAG,18,5
GAGTGCGACGAGCTCACA,18,4
TGGGCTTCGACGCAAATC,18,4
AAAGGCATGACTAGGCTC,18,2
AAGGCATGACTAGGCTCT,18,19
TGCCAGTCCAGGACAGCG,18,1
TGGGCTTGTAGCGCGAAC,18,1
AGGAGCATGTCCTGGAGC,18,4
TGGACTCGGAGCGCAGAT,18,8
TAGCGTTTGACGTCTCGA,18,9
ACACGGCAGCGCCCTGCAC,19,2
TGAATTCGGAGATGAACGG,19,69
GGGGGGCGAACAGTAGACT,19,1
TGGAGCGGCTGGCGTCCGA,19,1
GCGGACAGGTAGGTGCGGG,19,5
AAGGCGTGAAAATGGACCC,19,5
AGCGAGAACGTGCTGGCAG,19,2
CTGGCGGACGATCTGCAGC,19,2
TCAAGGGGATAGAACGGAA,19,3
ATGGCAGAACGTCCGAACG,19,3
GACGGACAGACCGAGCGTT,19,39
TGAATTCGGCGAGGGGAAG,19,1
ACCGGATAGGGGCCCTGAA,19,29
TAGGACTGAGAAAAGTCGG,19,12
ATGCAGGACCATGGACGAT,19,2
TGCGGGGATGGAATCCGTA,19,4
CGATTGGCAATCTGGATAA,19,3
TGGGTAACGGGGATCGCTT,19,2
TTGGGCCAAACGAAGCTGC,19,5
AAAGGCTGAGCTCGGCGTT,19,22
TGGCGTCGTGGCCGTTGCT,19,1
AGGCAGGTTGGTGGAAGCT,19,3
CGTTCGGACGTTCTGCCAT,19,3
CGGAGCGCAGATAGAGCAA,19,17
CAGTCGTTAGGGCGCTGAA,19,12
CGACGCAAATCTGACAGGC,19,14
ACAGGCGAGGGCGCTCTGC,19,19
CAACGGTCGTGGTTGGCAG,19,2
TTTGTTGGATTTTTGGCGT,19,9
AAGGCGGGACCTGATCGGA,19,17
TGTTCTGGACGTACCTGAA,19,8
TAAGTGGATTGTAGTGGCT,19,62
TGGACGCAGGCCTGGGCAT,19,27
AGCAGGATTCGAACCTACA,19,22
TAAGGCTGGTTGTAGGCGT,19,8
CGAGGGCGCTCTGCTTGGA,19,2
TGGAAGTGGAAGGTGAGAG,19,13
TAGCTATGTTCTGGACGTA,19,10
TGGAAGCGTTAGGGGCTTT,19,2
ACGAGTCAGTTTCTGAGCA,19,5
TAGTGCGTCGGGCTTCGCT,19,44
TCGTTCTTCTAGAATCTGC,19,4
ATCGTACTGCGGAAACGGA,19,4
TACCTGGACCGAACGCCAA,19,1
ACGGCAGATAGGCTGATGG,19,5
TGGGGGGCGAACAGTAGAC,19,1
TACGGACGTAGGCGTCAAA,19,6
AACGGCTTTAGACGGACAG,19,8
GGGCTCATGAGCTTCGCGG,19,1
GGTAGTGCTCGGGACCGAA,19,14
TGGGCTCACTGGGGCAACT,19,3
TCCTGAACGCTCATGGCAA,19,6
ACAGGACGATGGCAGCTGG,19,4
TGGCGTTTAGGGCTTCGAA,19,8
TGGGTGAGGACCGAGACGT,19,6
TATGGACGCAGGTCTGGGC,19,24
TGGACAGGTCAACTTTCTT,19,4
TGTGACGAAGAACAGCGCG,19,4
TGGAGGTCGACTCGGCTTA,19,30
TGGCTGGCGAGAATTTTGC,19,2
CGGCTTTAGACGGACAGAT,19,2
TCCGCGAATTCCCGGATTG,19,1
GGCAGTTGTAGAGCCTGAA,19,2
AAAGGCGGGACCTGATCGG,19,5
TGACCGTAGGGTTGTCGAC,19,6
TAGCGTTTGACGTCTCGAT,19,16
ACGGACGAATTGTGGCCGA,19,3
TGGAAGTTCGAAGACCTCA,19,2
CACTGCAGCGCTCGCTCGA,19,2
TATGTCGGGTTGGGTTCGG,19,7
TGCTCTGTGTCGGATTGGG,19,2
TGGATCAGGAGCGCAGCAA,19,4
TTTTTGAGGACCGCTCTGA,19,25
AACGGGCTAACGGAACGGT,19,3
TGGATTGTTCGATCCCGGC,19,6
TCTGAGGGTAGGTCTAGGG,19,1
GTCTCTCGGACTAGCGGCA,19,3
TGCTGACGTTGAGCCCCTG,19,3
TTGTCGGTGCTCTCTCGGT,19,4
TATCGACGGAGGGCGTTCT,19,32
TGGCGGTGTCCTCGGCATT,19,2
TACAGGCCAGGGAGGAACT,19,4
GGGGGATTCTAATTCTGAA,19,18
TAGCGGTAGTAGGGCTGCA,19,55
TAGGGTATCGGCTCTTCCA,19,2
TCCGATTCAGGACCAGGAG,19,4
CGACTTTAGACGGACAGAT,19,25
AGGGGGATGAACGACTTAA,19,17
TTTACGCGACTTACGGATTC,20,2
GCCGGGCCGTTCATCTCCGA,20,4
TCTTGTTCCACTGCAGGGCT,20,15
TGGTCGAATTCAGACGCTAA,20,5
ACCGGAGTGGGAGGTGGAGC,20,3
AGGAGATGAGTCTGAACTGA,20,7
ACAAGCAGAACCTCTGACCC,20,8
CGCACGGAGGATTCGTCTGA,20,3
GCGAACAAGCAGAACCTCTG,20,35
CTGTGGGTTCGACCCCCACG,20,2
TCAGGAGGCTGCAGGTTCGA,20,3
TGGTGAGCAGTGGATAGCAG,20,2
CGGCTTTAGACGGACAGATC,20,2
TACTTGGACCGGGGACGACG,20,59
CAGCAGCAGCGGGCTTCTGA,20,3
GAGACACGAGAGCGGCGGAA,20,2
ACTCGTACTGGAAGCCCTGA,20,4
CGGAATGGGAGGTGGAGCAA,20,1
TATCCGAACTTGTCTTTGGG,20,2
CGATGGGCTGACTACCTGGC,20,2
AGGAACTGATCGAACACCTA,20,2
TACAGGCCGTAGACTAATCT,20,4
TGACCTCCTGGTTAGTGCGT,20,18
AGGCATGACTAGGCTCTTGT,20,1
TAATCGGGTCAGAGGTTCTG,20,27
CGCGACCGAGCATTCGAACG,20,5
TGATTGTAGCCTGGCCGGCA,20,6
ATGGCAGAACGTCCGAACGA,20,28
TTTCAGGCACTGCAGCGCTC,20,2
TGCTCTGTGTCGGATTGGGG,20,2
TATCGTGGGTCGGACTCGAC,20,20
AACAGGCGGCATGAACCCTG,20,7
CAACTGGCGCAGCTGGACAA,20,4
TCTTGGATCGGGTATGCGCG,20,1
TAGGTAGACCGTCTGCGTTT,20,9
ATCTCTCGGAACTTTGGCTG,20,8
GCAAACAGGACGCAGGACGC,20,7
ATCCAAGCTTTGCAGGTGTC,20,14
TGGGGGTGAATCGGCTCTGG,20,3
CAAAGACAGGCGTTGGAACT,20,4
ACGACTTTAGACGGACAGAT,20,6
AGGCAGGTTAGTGGAAGCTG,20,9
TGTGACATTTGGACCATGAA,20,9
AGCCCAAGATCTTCGGCCAT,20,9
TATCTCTCGGAACTTTGGCT,20,26
AAGGCGTGAAAATGGACCCT,20,24
ACGACGACGAAAATGCTCAA,20,7
CGGACCAGAGCCGCTGGCAG,20,1
TTAGACGCACGGAACATCCA,20,1
TTTGGACTGAAGGTCGGACC,20,20
AGGCATATCCTCTGACCTCC,20,18
TGGCTACCCGGCTGTATTCT,20,22
TGTTTAGCGATTGCTGGGCT,20,5
CCGAAAGGCATGACTAGGCT,20,4
AGTTGGCTGTGAATTCGGCG,20,5
TACGATGGGCTGACTACCTG,20,19
CGAACTTGTCTTTGGGCATA,20,2
TAATGTAGCGTTTGACGTCT,20,19
AGGGCCCAAGAGAATGGCAA,20,3
TGCTGTCGACTGGCTGATCT,20,3
TAACGGTAAAGGACAGACGT,20,5
AAGGAGTCGAGGATCTCTTC,20,7
TAGAATCTGCCATGGTCCGG,20,1
GCGGACGATCTGCAGCGCTT,20,12
CAGGTTGGTGGAAGCTGCTT,20,5
ACTTGTGGGAGTTGGCTGTG,20,3
AGGACTGCGGGATGCCGACC,20,4
ACAGCCTACCTGGACGACAT,20,4
AAGCTGTGGATGGACATGTA,20,7
AGCGGGTTTCGGGGTTCGGT,20,3
TAACGGGCTTGGGCGGCGGT,20,4
ACAGAGCCTGAAGAGCCCGT,20,1
TGTACAGCCTACCTGGACGA,20,13
TATGTTCTGGACGTACCTGA,20,4
GCCTTCCGACTGCTGAAGAG,20,1
CGGACGCTGAATAGCTGAAG,20,15
TGGATTCGTATTCGCAGCCT,20,6
ACAGCGGGTTTCGGGGTTCG,20,4
GATCCTGGAGACCGACGCTT,20,2
GGGGTGGAGCCTGCGGCTTA,20,7
TGGACACGAGGGAGAAGCTG,20,3
TGCCTGCCGAACTGACAGTG,20,5
TTATGGACGCAGGTCTGGGC,20,6
TAAAGGACTTCGAACCAGCC,20,36
ACCGGCGGAGCAATCTGGCA,20,2
AGGATGGCGGTAGCTGAGTT,20,2
TCCGGGCTCATAACCTGTTA,20,1
ACCCGGACGCAGCAGGACCT,20,3
TAGGACTGAGAAAAGTCGGA,20,4
TTTGTTGGATTTTTGGCGTT,20,14
TGGACTCCAGGCTGACATAA,20,5
TATTAGCTGGCAGGCCTTTG,20,4
AGGGCCTCCTGCGACCCCTG,20,4
AGGATAACGTGGCGGAGCAT,20,79
TGGACGTACCTGAATCGTTT,20,4
TAGGGTCGTTAAGCGGGAGC,20,3
CAGGTTAGTGGAAGCTGCTT,20,24
GATGGGCCGAAAAACGCCAA,20,1
AGCGGGCTTCTGAGCCAGGG,20,13
AGGAGGTCAGAGGATATGCC,20,17
TAGGGTTGTGTGCGTTAGCT,20,3
CAGGGCTTCCGCTAAGGCGT,20,1
TAGCGTTTGACTCAGGCCCA,20,3
CGGTCTGAAACAGGGCCCAA,20,5
AGGACACCCTGAACAATGGG,20,13
GCGGGGACCTGGACCTGGAC,20,8
TATCCAAGCTTTGCAGGTGT,20,12
TGTTGGAAACGGTCTTTGGG,20,2
AAAAGGCTGAGCTCGGCGTT,20,9
TGGATTCTAGGATTTGGATC,20,5
GACCGGACCATGGCAGATTC,20,5
TAGGAAGGATCGTACTGCCG,20,4
TTTGACCCGTTCGGCACCTT,20,2
TGTTTGAGGGTGCAGGGCGC,20,1
TAGGGCTCCGGGCACTGAAG,20,35
AATCGTTGGATCGTGCTGCT,20,6
TCAAGAATTCAGCGACAGCC,20,4
TGGACAAGCACTTTGGCGAC,20,4
TTGTTAAACTGTGTCGTGCT,20,3
AGCGAACAAGCAGAACCTCT,20,14
AGAGATCAACGGAGAACCAG,20,4
GTTCGGAATCGGATTCGGAA,20,7
TCTGGTCGAATTCAGACGCT,20,9
CGGGTGGAGAATGGAAGCCT,20,3
GCCTTCCGACTGCTGAAGAGA,21,1
GTTTCGGATAGAGGCACCCAA,21,69
TAAGTGGATTGTAGTGGCTTT,21,23
TGTTTAGCGATTGCTGGGCTG,21,5
TTGCTGTAGACGGCTTTGGTA,21,3
ACTTGTGGGAGTTGGCTGTAA,21,8
AAGGACACCCTGAACAATGGG,21,15
TAAGGGCTTCTCTGGCAGCTA,21,16
AGGCGGATTTGAACGTGGTAC,21,5
CTCTCTGTGACACCGGAGCAG,21,1
AAGACTCACGATGGACGTCCC,21,2
GATTCGTATCCGGCGTCTAGT,21,10
ACCGATGGTTGGGTAACAGCT,21,8
TAGTCTACGGCCTGTATGCAT,21,23
TTGTATCTGGCGCGGGGACCT,21,1
TGGACTCGCAAAATGCAGGAC,21,2
ACTCGGAGCGCAGATAGAGCA,21,6
TGGCTAAAGTTCTGAAGAGCA,21,5
AACAATGGACTCGGAGCGCAG,21,19
GCATCGTTATGGACGCAGGCC,21,4
TCAGGTATCGTGGGTCGGACT,21,1
AGCGAGCGCTGCAGTGCCTGA,21,20
ACTGACGGACAGACCGAGCGT,21,347
TAGCCGGATTGTTCTTCGCAT,21,7
AAACGGCTTTAGACGGACAGA,21,5
GCCCTGAAGCAGCGGAACGTA,21,2
ACTGGCAGCAGAGCTCGTCAT,21,3
TGCAGCAGGCGGAACTCAACT,21,3
TGTGAGGAGATGAGTCTGAAC,21,8
TCCATTGTAGGGTGGCCTGAA,21,2
TTCTCGTCGGGAACGGGCTTC,21,1
TAGGAAGGATCGTACTGCCGA,21,6
TACGAACAGGACAGGCGCTGG,21,16
TCGTGCTGGTCTTGTCGGTGC,21,1
TGCATCGGAAAAGGCCTCGAA,21,5
CGGTCGACCTCTGACGACGGT,21,3
AAGAACAGGCGAACCGACACC,21,28
ACAGGCTCTGGACCATGGGGA,21,5
AGGGCTTTGGACAGCAGAGCG,21,6
GACGGACAGACCGAGCGTTTT,21,6
CAGCGAACAAGCAGAACCTCT,21,4
GAGGAGGGTTGAGGTTTTGCG,21,4
ACTGTCACGACTGCGAGCGAA,21,10
TGTGGCAGCAACAGGACGATG,21,2
GCAGGTCCAAACGGTAGGCGT,21,11
TAGCCGGTCGACTGTCCGGTA,21,6
CGGAGTGGGAAGTGGAGCAAG,21,2
AATGGACTCGGAGCGCAGATA,21,100
TAGAGTGTTTAGGAACTCGGA,21,11
GGGGAGGTTCCGGTGGTCTCG,21,1
ACAACGGACTCGGAGCGCAGA,21,7
TCTGGGCCGTGCTGGACTACA,21,1
TGGACCGGGGACGACGTCCCT,21,3
TCGAGAATGAAGCTGTGGCCC,21,5
TGGGCTCTGAGGACGACGGAC,21,3
GAGTGGGGAATGGTGGAATTC,21,8
CAGGAGTGGATCGAGCTCGAC,21,9
AGGAGATGAGTCTGAACTGAC,21,18
CAGGCTCTGGACCATGTGGAT,21,18
GAAACGACTTTAGACGGACAG,21,18
CAATCGTTGGATCGTGCTGCT,21,11
AGTGGACCGGACCATGGCAGA,21,115
CTTTGGACTGAAGGTCGGACC,21,3
AGGCGGAACTCAACTACCCCA,21,3
AACGTCCGCCTGAACTCCTGC,21,9
TGGAGCGAGACTGAGGAGGAA,21,8
AGGAGTCGAGGATCTCTTCGA,21,63
TAGTGGTCGTAGACCGCCTGA,21,31
ATGCCGGATCTCTGAGTGCAG,21,2
TAGTGGTCGTCACCGGTACCT,21,3
ACAGTAGACTGTACAGGCCAG,21,2
AGCGGGCTTCTGAGCCGGGGC,21,14
AGGAACTGGACCAAAAGCTGC,21,4
GGCGGACGATCTGCAGCGCTT,21,1
AAGGACCGCTCTGATCCGTGA,21,1
AAGGATTCAAGAACGCGGCTG,21,3
GCGGAGCATGGAGAGTTGAAC,21,6
ACGCGTTAAAACGCTCGGTCT,21,18
CAGTGGACCGGACCATGGCAG,21,40
AGTCTGGCGGACGATCTGCAG,21,5
AGGCGGATTTGAACGTTGTAC,21,20
AGGACTGAGAAAAGTCGGATA,21,8
CCCGTTGGCTGGATCATCTGA,21,8
TCCGGGGGAAGATGACCTCAA,21,22
CACTGTAGGTCCTCAGTTCGA,21,6
CGCGGAACCTCCGGCCCTGTA,21,3
TAGGAAGGATTGTACTGCGGA,21,3
AAGCAGGACTGTACAAACCCT,21,5
GACTGACGGACAGACCGAGCG,21,5
CGGGACAGTCGAAAGGTTGCT,21,2
AGGGGCTACGATCTTTGAGAA,21,23
TATCCGGTGGAATTGGGCCTG,21,3
TAGGAGCGGGCTCTACTGGCT,21,63
GAGGACGAGGACGAGGACGAA,21,3
GGCGGAGCATGGAGAGTTGAA,21,8
AGCGCCAACACAGAGCCTGAA,21,66
ATGGGGTAGCAGAACGTTGAG,21,3
GGCCTATTGGCACTGGAACTG,21,1
TGGATTCACAGTGGACCGGAC,21,3
AGGCACGGACGTTACACTCGA,21,2
CAACAAGTGTGGGCTCGACGG,21,1
TCCGGATTAATGGTAGAACGG,21,1
ACAACGGACTCGGAGCGCAAA,21,6
TGGACCGAAAACTGCCAGCGG,21,2
CAGGATGGACACCGACGCCAG,21,11
GCAGGGAATGGAATGGGACGT,21,6
GGGGTTGTAGCGCAGTGGTAG,21,4
TGGAGCAAGTGTTGGCCTCGC,21,2
ACTTCCGAACATGTTGGACAA,21,3
CGGTCCTGCGGCATCTTTGTA,21,2
AAGCGATTGGCAATCTGGATA,21,14
ACGAGGCAAAGGACGCTGAGA,21,11
GCCGAAGCGATTGGCAATCTG,21,2
TAGGGCTCCGGGCACTGAAGC,21,14
TGGCTGGACATGGTATCACCT,21,2
AGGGCGAGCTCCTGTTTCTGC,21,4
TCTCGGACTTGTGGGAGTTGG,21,7
AGGACAGAAGACCGACACAGC,21,5
AGCTGCAAGATCTTTTGGCCAC,22,4
TCGGGAGAAGCTGAGCAAGCAG,22,2
CCGACTTATGGCTTTCCGACAA,22,2
GGAAACGACTTTAGACGGACAG,22,9
TCTCGGTAGGGCCTGGGACTGG,22,2
GGAACTCGAAGGGACGTCGTCC,22,10
AGGGGGAAGAATACCTGACGGC,22,23
GAAACGACTTTAGACGGACAGA,22,16
GGAAAGCCGGGCTATACGCCAA,22,7
GCAGGTCCAAACGGTAGGCGTA,22,34
GACTGTTGAAAAAAGACGCCAA,22,4
GACTGACGGACAGACCGAGCGT,22,59
TTAAGTGGATTGTAGTGGCTTT,22,1
CGGGTCAGAGGTTCTGCTTGTT,22,4
TGAACCACTGCCAGCAGCTCTC,22,3
GGCTGTGAATTCGGCGAGGGGA,22,1
CGCGGACGTATTTTCCCCGCAA,22,8
GACCAAGGTAGAAACCGACGCT,22,3
AAGCAGCGGAACGTAGATTTCG,22,7
TGGTGGCTATCAGGCGACTGAA,22,9
TCGGGGCCTCTTTCGAACGGGA,22,1
TTTGGATAGGCTGAGAAGCTGG,22,1
CAGTTGGTTGCTGTAGACGGCT,22,25
ATGGGGTAGCAGAACGTTGAGT,22,6
TACAGAGATTGGACTACCTGTA,22,60
GGGGAAGAATACCTGACGGCAT,22,58
GACGGTACCGTCACTCTGGCCT,22,5
AGCTCGTCGGCGAGTTCGGTCT,22,4
GCTGGCAATGGGACGACGTCAC,22,4
AGTTGGCTGTGAATTCGGCGAG,22,17
ATGCTGTCGACTGGCTGATCTT,22,7
CGGCGGAGCAATCTGGCAACAA,22,4
AGCAGGACCGGGCACGAACCCG,22,5
TAGGACTGAGAAAAGTCGGATA,22,7
AGCGCCAACACAGAGCCTGAAA,22,8
TCTGTGTCGTATTGGGGCTCAA,22,1
TTTGGATTAGCGACAACGCCGG,22,1
TGCAGGGCGCTGCCGTGTCGGT,22,3
TGCTGTCGACGCTGCTGATCAA,22,2
TGTGGGGGCAGCTTCTCGGCTT,22,4
GGGATAGAACGGAACCAATCAC,22,7
CAGGATCATCAGGTCGGATCGT,22,3
GGGGGAAGAATACCTGACGGCA,22,12
GAAGTTCGGACCGTAACGCTAC,22,4
TCAACAGTCGGTTCAACGGCTC,22,3
TAATTCGGCGGCAGGTCTGGCA,22,3
CGGAGCGCAGATAGAGCAACAG,22,12
TCTGAAGCGGACTGGAAGCCGA,22,2
TGTTGAGCTTTGAGCCTAGCGA,22,4
TGGATCGTTCGATTCCGGCCTG,22,3
AGGCGTTGGAACTCCGACAGAT,22,31
TCTTTAGTCTGGCGGACGATCT,22,4
CGGGCTAACGGAACGGTCCGTT,22,1
ACGGGACAGAGCTGAGCATGGA,22,4
ACTCCGGGTGGCGAGCTGGTCT,22,1
TGTGCGTTAGCTATAGAGCCTG,22,2
ATCGCTGAGGGCTCTGCCAAGC,22,2
CTGGACTGAGCCCCGAGGCGGA,22,1
TAGAACTCCGGGTCGGGGTCCC,22,1
TTATGGACGCAGGCCTGGGCAT,22,71
TGGCATCGTTATGGACGCAGGC,22,5
TCAGGCGACTGAACTTGCAAAC,22,1
CAGACGACACGTGGTACCCGGC,22,77
TGGCGAGCCAACTCTTGGACTT,22,2
CAGTGGACCGGACCATGGCAGA,22,57
ACTGGACTTGGTGCCTGGGCGA,22,2
AGGCGTGAACGGACGAATTGTG,22,4
ACGCAGGACAGAACAAGACGAT,22,37
TCAGGAGCAGCACTTTGACGGC,22,1
CGCCTTTCTGAACGACTTCCAA,22,1
CGAGGATACAGCGCGGGACGAA,22,7
TCCGACTGGTGTATGGGGCTCA,22,3
ATCCAATCGTTGGATCGTGCTG,22,35
CGGAGAAGTTGCGAACTCGGCG,22,3
TGGCACAGGCGCTTAGGGCATA,22,2
TGGACTCGCAAAATGCAGGACC,22,3
AAACTCGTACTGGAAGCCCTGA,22,31
TCGAGGAGGATGAATTTCTGCC,22,3
TGGGACAAGGGCGACGACGGCA,22,3
TGTCCTCGGCATTGCAGGTCCC,22,3
GCTGTCCTGGACTGGCAAACAC,22,16
AGGCCGGACACTACGAGCCCGT,22,3
AGGACAATGTTGCCGAGCACGA,22,3
CGGTATGGTGTAGGGGTTAGCA,22,6
ACGAAAAGGAGTGGGAAGTCGA,22,4
CCCTGAACAACCTGGCCGGCAT,22,2
TGCGGTTCTCGCGGAGCTCCTC,22,5
AAGCAGAACCTCTGACCCGATT,22,20
GCCGTGACGGAGCTCGGCCTGG,22,4
GAAACGGCTTTAGACGGACAGA,22,9
TCGCCTTCGGGCCTTTCTGCGG,22,1
AGCGAACAAGCAGAACCTCTGA,22,251
ACACCCGGCTGTAAGGGAACAG,22,14
TGGCAGTTTGCTTCGGACCAGT,22,3
GAGGTAGTGGATCCTTGTCCGA,22,5
GATGGCCACAGCCTGAACGACA,22,7
TAGCCGGGGCGTTGTCGTACTC,22,17
TGGAACTCCGACAGATACTCGG,22,10
AGTTGGTTGCTGTAGACGGCTT,22,4
ATCGGACGCAATGAAGGCAACT,22,17
ACGGACTCGGAGCGCAAATAGA,22,3
TGTACGTGGACCGGAAGCACTG,22,4
TCTTGTCTCCTGCGAACTTTGG,22,1
GGTTGGCGGTGTCCTCGGCATT,22,4
CTGTAACGGCCTATAAGACCCT,22,3
ACACGGGTTGCCCCTGACGATA,22,3
ACCCAACGGGCCCTGCAGGCTA,22,3
TGGAAGCGTTAGGGGCTTTGTA,22,32
AAGGGGATAGAACGGAACCAAT,22,18
ATCCGAACTTGTCTTTGGGCAT,22,2
TGGCACGACAGAGTCTGAGCAA,22,3
AGACGACACGTGGTACCCGGCT,22,2
CAGCAGCGTCGCTGAGCCGTTA,22,9
AGGTACTCTGAGCCAACCGCCA,22,6
TGCTTGGGCGGGAGAGTAGGCT,22,3
ACCACTGCCAGCAGCTCTCGGT,22,25
TGAAAAGGGGCGTGTAACTGAA,22,6
AGCGGCGTAAATAGGGACCCTA,22,2
GCATCGGCTTGTGCAACCGGAT,22,2
GACATGATAAGACGCCTGGGCT,22,2
CGGTGTCGGCTGAGCTTGGCAT,22,2
AAGATGATTGGGAAAGTTGGCT,22,5
CCAGTTGGTTGCTGTAGACGGC,22,8
AGGAGTGGGAAGTCGAACGGGT,22,5
AAACGGGCTAACGGAACGGTCC,22,16
CCAGGACAGAAGACCGACACAG,22,60
GGAGATTGCAGAGATTTCGCGT,22,3
GCGAGGGCGCTCTGCTTGGAGA,22,2
CGGACGAAAGAAGACGTTGCAA,22,5
GATTGGACAGGTCAACTTTCTT,22,12
TGTTCGGCAACATTGTCCTCGG,22,3
ACGCCTACCGTTTGGACCTGCC,22,4
AGGCGTCGACGATTCTCCCGCC,22,4
AGGCTCTGTGTTGGCGCTGGTA,22,1
GCGCCCGGAACTCGAAGGGACG,22,6
AAGGCGTGAAAATGGACCCTGA,22,11
CGCTAGTCCGAGAGACCCTGAA,22,10
TGGGCTTATGAGCTTCGCGGAT,22,2
TTGTTAAACTGTGTCGTGCTGG,22,2
CGGGACGAATTGGACAAGCTGA,22,4
TATGCCCAGGCTGAAGGACCAT,22,14
TTGGACCTAGACCGGACAGCAT,22,1
TTATGGACGCAGGTCTGGGCAT,22,237
ACAGGCGGGTGGTTGTTGTCGA,22,4
CGGCGATCCGCATCTCTGCCGC,22,1
ACGAACACCCACACGTAGTCGT,22,3
GCGTTGTTGGGCCAGCGCCGAA,22,6
AGTTTGCCGGGCTTGGCGGACC,22,2
CTTTGCGCTCTGAACGACAAGC,22,4
GGAAGGATTCAAGAACGCGGCT,22,11
AAGGACTATTGGTGGCCCGACA,22,2
GAGGGACAGAAGGGCAAACTGA,22,7
AGGTTGGAGGCTATGACGGAAA,22,3
CAACAACGGACTCGGAGCGCAG,22,6
TGGCCTTCGCGGGACGGGTTGA,22,4
TGTACATCCTCTGCCTTGCGGG,22,4
TTTGCCGGAGAAGTTGCGAACT,22,2
TCCGGACCAGAGTTGGACCCAC,22,2
CTGTCAGGATGGACACCGACGC,22,2
CCCGAAAGGCATGACTAGGCTCT,23,8
GGGGGAAGAATACCTGACGGCAT,23,85
TTGGTTGCTGTAGACGGCTTTGG,23,1
AAGTCGTCAAGGGCTGTCGCTGA,23,5
GAGCTTATGTGGCCTACCTGCAA,23,9
ACGGCTGAAGACTCGCGAGCAGA,23,2
TGACGGCCAGCTCTGACCAGACG,23,2
TGTAATTACTTGGACCGGGGACG,23,2
ACCAGTGAGGGCCGAATTAGTAC,23,2
CATCTGGACCACCGAGGAGGCTT,23,10
GTGGTCTATCTGTGGATTCGGTG,23,10
TATGGTTAGACGCACGGAACATC,23,8
CGCATTGGAAGACAGGGGCCCTG,23,6
GCGGAAGGATGGCAACTCTGTAT,23,3
AACGGACTCGGAGCGCAAATAGA,23,8
ACGAAGAACAGGCGAACCGACAC,23,3
CGCGTTGTTGGGCCAGCGCCGAA,23,2
AGAATGGCGCCCGGAACTCGAAG,23,4
TACTCGCGGAGGTTGGACACGGG,23,7
AGCTGACGTGGAACCACGGCACC,23,3
TGGGACCTGTGGGCTAAGACGCT,23,3
ATCAGGAGGCTGCAGGTTCGAGA,23,2
TGTTCTGGAACTCTTTCCAACAA,23,2
GCCGGACTCCAAGGCGATATCAA,23,4
ACTCCGACAGATACTCGGCGAAA,23,9
ACCGACACAGCAGAAATCCTGGC,23,3
CAAGAGTCTGGCAACTCCAAACG,23,3
CTTCTTCACCGAGATCTCTGACT,23,6
CGGAGGACGATGGACACGGGCAC,23,2
GCTGACCGTGGACCGACTCGGCA,23,5
GTCGCTGAAGAAGCAAACTGGCT,23,8
TATGTTCGGAATCGGATTCGGAA,23,10
CCAGAGACAGGCGTTGGAACTCC,23,1
GAGGATATAGCTATGTTCTGGAC,23,1
GAAAGGCATGACTAGGCTCTCGT,23,10
CGTGACTGTGACTGCGAGCAGTA,23,2
TCGTTCTGGTAGAACCACGCGCA,23,2
TCGGGAACGGGCTTCGCGGAGCA,23,1
TGAGCTGGAGGACGACAGAGCCT,23,4
TCTGGTCTGGGCTGAGCTGGTCA,23,3
CAACGGCATGTGGAACGAGCATT,23,5
AAGGACTGACTGAGTCACTGCAG,23,4
GAGGATGGGCTGCAGGGCGTCAT,23,5
AGGCAGGTTAGTGGAAGCTGCTT,23,7
TGGTTTAGGTACGAACAGGACAG,23,4
AGGACCGAACTAAAGGGACTGCC,23,5
CAGGCGGAACTCAACTACCCCAT,23,31
TACCATGAGATTGTAGACTGGCA,23,7
ACCCGGGTTCAATTCCCGGCGAG,23,4
GTTATGGACGCAGGTCTGGGCAT,23,597
GGCAGCGAGAACGTGCTGGCAGA,23,2
TAAGTGGATTGTAGTGGCTTTTG,23,2
ACCGGATCCGCATGAACCCGGAA,23,4
CAAGACCGAGAGCTGCTGGCAGT,23,7
ACCGTTTGGACCTGCCGTCGTCT,23,1
GATGGCCACAGCCTGAACGACAT,23,5
GGGGAAGAATACCTGACGGCATT,23,10
CGGATGCAAGAAACATACCCTCT,23,2
AGCGATTGGGCTAGATCTTGCAG,23,2
AACGGCTTTAGACGGACAGATCT,23,24
CCAGCGAACAAACAGAACCTCTG,23,1
TCTGATCCAATTCAGCGTTGGTA,23,3
TAGTCTGGCGGACGATCTGCAGC,23,11
AGGTACTGGTAAGACGCTGCTTA,23,6
GGCGAGACGTAGACCTGAGCCGG,23,4
TTATGGACGCAGGTCTGGGCATC,23,19
AAGGACCGCTCTGATCCGTGAAG,23,21
CAGCGAACAAGCAGAACCTCTGA,23,190
TTTGGAAGGGGGTAGTGTGACAT,23,5
GATGGCAGAACGTCCGAACGAAA,23,4
CATGCCTTTCGGGCTAACGGGAG,23,6
TCAAGAATTCAGCGACAGCCCTT,23,4
TGCTCAAAATGGACTTGCTCTGA,23,3
TATAGGGCTCCGGGCACTGAAGC,23,8
AAGATGATTGGGAAAGTTGGCTT,23,8
GAAACGACTTTAGACGGACAGAT,23,31
TCGTGGTTGGCAGGTCGGTGGAC,23,1
CACCTGATAGAGCTACTAGACGC,23,22
CAACAACGGACTCGGAGCGCAGA,23,5
GAGAAGGACGGCATGAGCCCTGA,23,6
TTTGCGGAGGAACCTGGGCCGGT,23,2
ACACTTGTTGGGAACTTCGTCTC,23,7
TGGGTGGACTCTGGGATAAGCTG,23,2
TAATCGACCGTGGTAACGTTGAA,23,5
AGGCGACTGAACTTGCAAACGAA,23,41
ACGCGTCGTCTGCGTCTGGGCGG,23,2
AAGTGGATTGTAGTGGCTTTTGT,23,2
GTCCGGTAAAGCGTACAACCTGA,23,4
ACGGACTCGGAGCGCAGATAGAG,23,6
GAGGGTTCGTCTGACGGCTTGTA,23,4
AGGACTTGCCGGACGTGAGTCTG,23,3
TAGGGCTTTCTGACGCATACTCT,23,2
TGTGATCTTCTCAGGTGGGATTA,23,2
CAACAATGGACTCGGAGCGCAGA,23,5
GCCCGGCAGGGGCTCAACGTCAG,23,2
CGGACATCGGTTTTGCGGTTCAA,23,2
CAAGGACAAGGACTTCGGCGGCG,23,3
AAGGGCTTCTCTGGCAGCTATGG,23,10
CTGGGCGATCAGGATGACGACGT,23,1
GCCAGTTGGTTGCTGTAGACGGC,23,27
CGAGCTGTGTTAGACCGCACCAT,23,2
TAGGTCTACCAAATCTGCGCCGC,23,4
CGAGAGATAAGACCCCTGGGCTT,23,6
ACCGCAGCTTCGACTCTGTTCGT,23,4
AGCGAACAAGCAGAACCTCTGAC,23,44
TGGGCTGGTGGCTCTGGCGCAAG,23,3
GCACTGGGAATCTGCGCCGGGTC,23,2
CCGGGGGTTGTTACAATTCTGGG,23,1
TTTTGGACGAATAGCCGATTGGC,23,7
TGAGGTCGAGGACGACATTCTCC,23,3
TTGCTTCGGACCAGTTCGACATG,23,3
CAGCGGAACGTAGATTTCGCCGA,23,7
ACTCTGTCCTGTTACCTGATCGC,23,2
GACCAAGGTAGAAACCGACGCTT,23,2
ACGACGGCGGCGGAGCCCTTGAC,23,4
CGACTCGAACTCTGACGAGGAAT,23,4
GGGAATACTGTCACAGACCTGAA,23,6
TATGGACGCAGGTCTGGGCATCC,23,704
ACTCCGGGTGGCGAGCTGGTCTT,23,2
CAGGACAGAACAAGACGATACAA,23,70
ACGTGACAAACTCAAGACTCTGA,23,7
CAGGCCGAAAACGAGCTCGACGA,23,5
GCAGGACCATGGACGATTCTCGA,23,2
GGATGGGCCGAAGAACGCCAACT,23,3
AGGCCCAGGAACTTGGTTTCCGT,23,2
AGGGGGAAGAATACCTGACGGCA,23,36
TACGATGGGCTGACTACCTGGCC,23,15
AGGCAGCAGAGCCTGAGCATGAC,23,6
TACCGTCGTACGTGGTGATCTGA,23,20
AAGAGAGCGGGTCTCTAGGGCGA,23,2
TAGGGGCTAGCAATTACGACCTG,23,3
CAGGACAGAAGACCGACACAGCA,23,2
TTCGACCTGGAGAAGAAGAGCAA,23,3
CGAGACTGAGGAGGAACACCAGA,23,5
ACCTGCTGACGTTGAGCCCCTGC,23,11
CACGCAGGACAGAACAAGACGAT,23,100
ACGGGCTAACGGAACGGTCCGTT,23,8
ACGGGGGCGGTGACCACCAGTTG,23,1
GGACAGCGGGTTTCGGGGTTCGG,23,2
TGTGGCGGAACAGAGCGAACGAG,23,4
CAGCAGAGCCTGAGCATGACCAT,23,7
TGTTCTGGACGTACCTGAATCGT,23,6
GCCAGTTGGTTGCTGTAGACGGCT,24,34
TGGCGGAGCATGGAGAGTTGAACG,24,2
TAGTCTGGCGGACGATCTGCAGCG,24,8
CGTGGCAGAAGAATTCGGAGCCAA,24,4
GAAGCCATTCTGGAACAAGCCCGC,24,5
ACAGTCGGTTCAACGGCTCAGCGA,24,2
CTTTGCGATTGTCCAAAGGCTCGG,24,1
CGGGCGGAAGACCCTGGAGCGACT,24,2
CTCGGATACGACGGCCTCTTCGAC,24,3
GCAGTCGGCTGGCGTGGAACAGCT,24,1
AGTGGAAGACGGCTGTATGGGCTG,24,1
AGAGATCCTCGACTCCTTTTGGGA,24,4
GGAGCATGGAGAGTTGAACGGTAA,24,12
GCTGGACTCCGGCAAGGACCTGCG,24,2
TGTAGGCTGAGCTCAGAGCAGTGA,24,1
GCGGAAGGATGGCAACTCTGTATT,24,3
TGGTTCTCTGGACTGCTGGACGCC,24,2
TGGCGGAAGGATGGCAACTCTGTA,24,2
TATGTCGGGTTGGGTTCGGGGAGC,24,12
TAATTACTTGGACCGGGGACGACG,24,4
TGGAATTGTGGGCCGTGACGACGA,24,2
TAGCGAGGACGACGACGAGGACGA,24,11
AGGAACTGATCGAACACCTACAAA,24,2
AGACGTCAGACGGCAGGAACGAAA,24,5
ACAGCTGCAAGATCTTTTGGCCAC,24,4
TCTGACTGCAGAGCGCAAACACGC,24,2
TTGCTAGGGATTTAGTACCTGCTA,24,2
TGTGTCGAATGTAGTTTTGGACGG,24,6
AGGGTTGTCGATGGTTTTGCGCGA,24,3
AAGGGCTTCTCTGGCAGCTATGGA,24,39
TGAGCTTGCCGAGCTTGGCGGACC,24,1
GGAAGACGGACCCGAGGACAATGT,24,7
CAAGGAGGACGTTGCCGAGGCTCT,24,5
CACAGCTGCAAGATCTTTTGGCCA,24,11
AGGGGACGTTCCCTACCTGGACCG,24,4
CCTCGGACCTGAACGGCTGAGCGG,24,3
GGGGAGGAGGTGGAGGGAGCAGGA,24,3
TGTCCGAGGCGGAAGCACTGAACT,24,3
GCGGGTCTCTAGGGCGAGCTCCGG,24,3
GAGGACCGCTCTGATCCGTGAAGC,24,22
TATCGGCGAGCTCAACAAGGGCAG,24,4
ACCCGACGGTGAGCTCAGAGCCGG,24,4
ACGATCTGGTCGAATTCAGACGCT,24,3
CCGGGGTCGTTGGTCTGGGTTCTA,24,3
TCAGCGCGGAACTGTAGCTGGTAT,24,2
GGGGGAAGAATACCTGACGGCATT,24,10
TCGGATGAGCAGGTGGACACTGAG,24,3
AGGTTTTCCTCGTAGGCGCGCTGA,24,2
GCGGATCGGCGCTCTGTCGACGAA,24,1
TAAGGACCGCTCTGATCCGTGAAG,24,3
TGTGCGCACGACGGGAGGATTCGG,24,3
TAAAGGACTTCGAACCAGCCCTGT,24,7
GAACCAACTGGCGCAGCTGGACAA,24,24
TTCCGGCTGTGGAGATGTGCTCGC,24,1
CAGCGAACAAGCAGAACCTCTGAC,24,17
AGGAGCTAGAACCAGGTGAGCGAA,24,2
AGGAGACCGCAGCTTCGACTCTAT,24,3
GGCGGAGCAATCTGGCAACAGCAA,24,32
TAAAGAGAGCGGGTCTCTAGGGCG,24,4
GTTCTGGCATCGATGAAGAACGCA,24,13
AGAGACGGATCTTGTTCTGTACGC,24,7
CAAGGACTGGGAGAAGCTCGGCGA,24,3
ACCGATTTCGACTGTTGAGCCGGG,24,4
ACTCTTGGGCAGCGGAACAAAGCC,24,2
AAGCGGGCTGTAGGCCTCGACGGC,24,4
AAGGAAGTAGTCACTCTTTCCGAC,24,3
CGGCGAGCAGTACAAGGCTGAGCA,24,2
CATCGGACGCAATGAAGGCAACTC,24,30
TGGACCAGAAGAGCTCGCAGGAGC,24,3
TCGGACCCTGAATGAGCACGGACC,24,2
TGGTCATGTAGGACACGGCGCCGA,24,2
CGGGCTGACGAGCTGGCCAAGGCC,24,2
CCCAGGACAGAAGACCGACACAGC,24,2
ATCGATGAAGAACGCAGCGAAATG,24,13
CACGCAGGACAGAACAAGACGATA,24,23
CGAAAGCCTAGGACTCTGGGCGAT,24,2
CGGAACGAATTCTTCAGGCCGCCG,24,1
TTGGGACTCACAGAGGGCTTTTTG,24,3
AGGACGGTGTTACTGAGCCGCAAG,24,4
TAAGGCTGGTTGTAGGCGTATCGT,24,2
AAGAACTACTGGAACCCCAGCAGC,24,5
CAGGTATCGTGGGTCGGACTCGAC,24,11
TGACAAACTCAAGACTCTGACCGC,24,10
TCCCCGGGTTCTGTAGACGGGCTT,24,2
ATCTGCGCCGGGTCTGGAGGACGG,24,4
AACGATCCGACCTGATGATCCTGC,24,7
TACCGATTTCGACTGTTGAGCCGG,24,40
AGCGAGAACGTGCTGGCAGATGCT,24,14
TTTGTCGACGGTGGAGATGGCTGC,24,4
AAACGGGCGAGGCGACGGATGACG,24,3
AGGATTCAAGAACGCGGCTGTGCA,24,4
TGGTGGTAGTTAGCTAACGAACTA,24,4
GGAGTTGGCTGTAAATTCGGCGAG,24,5
ACAGCTGGATCAGAGATCAGCGGC,24,3
GACAGGCGTTGGAACTCCGACAAA,24,7
CGTGTTGGCGTTTAGGGCTTCGAA,24,4
TAAGGATTTGTGGAACATGGTGGG,24,4
CACCAGGGGTGGAGCCTGCGGCTT,24,4
AAGGACCGCTCTGATCCGTGAAGC,24,49
AACGCGCTTGGGAGGAGCTCCGCGA,25,1
TCTGCATCGGCTTGTGCAACCGGAT,25,1
TTCGACTGGCTGAACAGGCAGAGCA,25,3
ACCTGTCGGGCATGGGCCAGGGCGT,25,3
GCCAAGTCGGCGCAGAAGATCCTGA,25,10
CTGCCGCGAACTCTGAAGCAGACCA,25,2
TGCCGTCAGACGAATCCTCCGTGCC,25,1
CGCACTGGGAATCTGCGCCGGGTCT,25,1
CGTGATGGCAGAACGTCCGAACGAA,25,2
TGGGAGCTGTAGCTGGACTCGGCCC,25,2
GGCGGAACAGAGCGAACGAGCTATT,25,4
TTTGGGCTTGTAGCGCGAACGGACT,25,3
AAGACCGTGGAATTGGAACAAGCAG,25,9
CAGTTGGTTGCTGTAGACGGCTTTG,25,5
TCGACTGGACCAAGGACCGGCTGCA,25,2
CCGTTAGATAGATTCTGCTCACAAG,25,3
TAGCAACGTCCGCCTGAACTCCTGC,25,20
TAGGGTTGTGGAGCATATGAGCGGC,25,4
ACGATCTGGTCGAATTCAGACGCTA,25,3
ACTCGGAATCTCTGGCATACCATCT,25,5
GGGTGTCGTCGACTCTGAGGACCTT,25,10
ACAGGGCTGGAATGCCATGCAATGG,25,6
CATGTCGCTGAAGAAGCAAACTGGC,25,9
AGCGGGTCTCTAGGGCGAGCTCCGG,25,1
CTTGGGTGTTTGGGTTCTGCTGCAG,25,1
TGGACCAGAAGAGCTCGCAGGAGCT,25,2
TGGCTCGGTGATCTCTGGAGCAGGC,25,1
AGACGTCAGACGGCAGGAACGAAAT,25,4
CGACGGAAAGCAGCTCGGCGAGTGG,25,2
TTTTTGGACAGCAGCTCCTGGCGAG,25,4
CTGGAAGGCTCTGAGCGACAAGCAG,25,2
TGGTCGGGGACTGGAATTGACGTTC,25,6
AGCGAACAAGCAGAACCTCTGACCC,25,8
CCCGGACTTGAAGGACCCGGGCTAC,25,2
ACTGACGGACAGACCGAGCGTTTTA,25,9
GAAGGACATGGCCAACAAGCTGGGC,25,4
TGGAGCGAGACTGAGGAGGAACACC,25,10
TGGCTATCAGGCGACTGAACTTGCA,25,5
CGTGGCAGAAGAATTCGGAGCCAAG,25,4
ATCTTTGAACGCACATTGCGCCCGC,25,16
AGACTAGACGAACACGAACGGCAAA,25,4
TTGTCAGGCTGCGAATACGAATCCC,25,4
TCTGTCGAGCACTGGAAGGCTGCAG,25,2
CGCTGGAAGGCTCTGAGCGACAAGC,25,1
GTAAGCAGGACCGGGCACGAACCCG,25,4
GAGGGCTGAACTAGTACTCAGGTGG,25,8
CGACCGGGCTGACGAGCTGGCCAAG,25,6
CACCGGCGGAGCCCTGACCGCGCTG,25,1
TACGAAGAACAGGCGAACCGACACC,25,10
CAAGGACTCAACTCTGATCATGCAG,25,10
CACGCGGAGGGGACCAACTGACGGC,25,4
CAAGGACGAGATGGCACGGTTCGCT,25,2
TACGATGGGCTGACTACTTGGCCAA,25,8
CCGGTGTTGTATCTGAGCATGGCAT,25,2
AAGGACTTCGAGCTCGAGGAGACCG,25,12
AAGGAACGCACGGCTGTTTTGGACG,25,1
AAGAGGAGGAAGGTGGAGATGAGCT,25,3
AGCGGGCTCTACTGGCTCTGGGCTC,25,5
GCCTTGGGCTTCAGGAACAGCGACA,25,4
AAGGACGCAGGACTTTGGCTCCGGC,25,3
ATCGATGAAGAACGCAGCGAAATGC,25,11
