length,sequence
18,TTCGGATTGTGTGTCATT
18,TTGGGACCGTGAGTCTGT
18,TTGGGCTGCGTCTGGACC
18,GGAGAGCGTCAAGGACGA
18,ATTCAGGAGATCCAGGAT
18,CGTGTTTCCAAGGACATC
18,GCACCATATCCCGTCTGC
18,GTGTGACGTTGATATCCG
18,AATGTTAGCGGTTCGAGT
18,TAAAACGACCTGTCATCG
18,TTGACTCGATCCTGTTCG
18,TTCCCGTGGGATTTTGCC
18,AGATACCATCGTAGTCTT
18,GTCGTAGATATCCTGAAA
18,GCTAGTAAATTGTTTAGA
18,TATCAGTGTCCGTACAAC
18,CAACCCGGACAACGCCTT
18,CCGTGGAATTGACTCACA
18,AGCTTCGTGGTGCAGGGC
18,TGTATGTGTACGTTGTCC
18,CGGGCTGGCTGCTGTTTC
18,GGTCGGGCTGCTCTTGTT
18,GATGAGGATGAGACTCAA
18,GTCAGAATCCATGCTGGA
18,TCCCAGTAAACGGCGGCC
18,ACCGGTGACTTCCCCAGT
18,TTTTCGAGAAGAGGAGGC
18,AATACCACTACTCTCAAT
18,AACTGGAGTCAAGACCTC
18,AGTGTGGGCGCTTGGGGC
18,AAGAAACGACGAGCAGCT
18,GGCTCGGCTGGCGCGGCC
18,GTGAAAGCGTGGCCTATC
18,TAAATAACAATGCTCTGG
18,TAATCCGTGGTATATTTC
18,GCTCGTAGCGATTCTGAC
18,AGAAGCCGTCAAAGCACG
18,TCGCCTGCAGAAGAACTG
18,TCGTGGGAAAAAGGACCA
18,ATGCGGGATGAACCGAAC
18,TGCCGACTCGGGATTGGC
18,AAAGCGGGCTACTTATAC
18,CCAATGCAGTCTTCGGGC
18,ATCAGTTATAGTCTACTC
18,ACACGGGTGAGTCGATCC
18,GTTTCCTTAGTGCGTTGA
18,TCGAAGTCGAGTCTTGCT
18,ATTTTGTTGGTTTGCACA
18,GGAAGGCTGGGAAGGTCT
18,TCGATGAGGACCTGAAGA
18,GCAAATCGATCAAGACGC
18,TCGTGCCGCTGGATCCAG
18,AAACTATGCCGACTCGGG
18,TTAGTTGGTGGAGTGATT
18,AATACATGCATCAATACC
18,GAGGAAGCTGATATGGGC
18,ACCCAGTACGAGAGGAAC
18,CAGCGGCTTTTTTGGCTG
18,AAAAGATCCAGTTGACTT
18,TTCCCTGTCGGCTATCCG
18,ACGACGATGACCTCCCCC
18,ATAGCTCAGTCGGTAGAG
18,TGCAATGATGATCCAACC
18,AACCATGGTCGCAAACAC
18,TTTTGGGCACTCGGCTGC
18,TGACTCGGTGAAAAATTG
18,ATTAAAGTTGTTGCAGTT
18,AGGGTTCAGGAATGCTCT
18,CGCTGTGGACAAGAACCT
18,AATTGGAATGAGAACAAT
18,CAAATCCGTCTCTAGCTT
18,TAAGCTCGTCTGGCGATG
18,AGGTAGGAAATGCTGCGG
18,TAGCACTCTGGACTCTGA
18,AAGGAGACGCAGGACGCT
18,TTCCGAATAGCAGCGATA
18,GTATTGTGTTGAGTCATA
18,GACCGTGAGTCTGTTTGC
18,AACAGAAGATCAAAGGTT
18,AAGAGGACCTAATGTTGT
18,AGTGTATGGTTGGTAGTT
18,ACCGCATCGCCGTAGCGG
18,AGAAAACCCTGGGCTCAG
18,AATACGGGCTAATAGCCA
18,AGACAGTGGTGGGGCTGT
18,GTATGAATACAAACCGTG
18,CTTGTCGGGCGGGTAGCA
18,CAGGGCTGAAAACTTGGG
18,CACGGGTGAGTCGATCCT
18,GTCGTCTAGTGGTTAGGA
18,TGGGCTTGAACAGCTGCT
18,ACTACCGTCGCGACCTGA
18,GATCGACGGTCGCCGCCC
18,ATAAGGGAAGTCGGCAAA
18,GAATTGTAGTCTATAGAG
18,ACTTCGGTGACAACGACT
18,GTGACTGCGACTAGCTCT
18,TTCTTAGTTGGTGGAGTG
18,CGTTGGCGAGAGCAGCGT
18,TGATTAGAGGATTCGGGG
18,TGCGATCGGGATCCTGAT
18,ATGCCTGTATCAGTGTCC
18,GGTTCGAATCCGGGCACG
18,ACGTAGTTGGCCAAGCCC
19,ACGACAGACCAACCGCGAC
19,ACAGTAGAATTTTTGTCAG
19,AACGCAGCTCATCTCCTTG
19,AACGTCGAGAGTGGAGCGT
19,CACAATCTAACACTCTACC
19,AAGGGAAGTCGGCAAAATA
19,TCAGCGTCAGAGGTGAAAT
19,ATGGCGCTAAAGCGGGCTA
19,TCACGGGCGATGAACTTCC
19,ACGGGGTGTTGTAAGCATG
19,CGAGTACAAAAAGGATGAT
19,ATTGTGGACGAGATGAACG
19,TCGGAATATGGGCCTGACG
19,AAGAACGCTGCGAACTGCG
19,ACGTTAGCGGAGACCGACT
19,ATTTTGAACGCATATTGCA
19,ACAGGATCAAACTATGATT
19,CGAATCCGGGCACGCGCAC
19,GAAGCTGCAGCCTGCTCCT
19,GAAATGGTAAAAATGGGCA
19,AGCGGGCTACTTATACTTT
19,CAGTGTCGTTTAGTCCTGT
19,CGGACGAGCGGTCTCCGGG
19,GAGTCTAACATGTGTGCAA
19,AGAAGAGGAGTGCAGGACT
19,CACGTTGTGCTGATGAACG
19,CGGTGGAGAGTAGGCTGAT
19,TGCCGTCGGTTGCCTCCCC
19,TTCAGATAATTGGTAACTG
19,ATTATTTATGTTGGAGCCA
19,TGACGACGAGGTGCTGGCC
19,CACCGAGTAGTGCTCTACC
19,CTGAAAGCACCATATCCCG
19,GATTATGGTAGTTGGTAGT
19,ACTCTATTGGTCAGAAGAC
19,TCAAGTTGCTAGTGGGCCG
19,AGGAAGGTGAAGTCGTAAC
19,CTTCCTCGACCTATTCTCA
19,GTGGACTGGGCGACGGCGC
19,TAGTTTTATGAGGTAAAGC
19,CTCTGACGGTCCTAAGGTA
19,TGAACCTGTCCCTCCGCCT
19,GGTAGCGGAACATTCTGTA
19,GCGCCTTGCCCGTCGCGTC
19,GGCCAACGCCGGTCCCAAC
19,AACCCAGTACGAGAGGAAC
19,AAACCGTGAAAGCGTGGCC
19,CGAGTGTGTCGTGTACCCG
19,CAAACGAACAAGAAGGGCT
19,TCTGGACATGTGCCCGAAG
19,CCTGGTTCGAATCCGGGCA
19,GCAGAAACAAATAGACACC
19,TTCCATGAGCGTATTCTCC
19,TTCAAATTTATATAAACCT
19,ATTCTTGTCCCGTCGGGCA
19,GTTGGTGGAGTGATTTGTC
19,GCCGCCAAGCTACCATCTG
19,CTACTTGGATACCCGTAGT
19,AAAATGACTCTGCCAGCCT
19,AGGAAGGGCGGACCACTCC
19,TGAAGGCGCTTGTCGAAGG
19,GTTGGTGGGTTGGTGGGCT
19,TTCAAATCCTTTTCTTCCG
19,AACACGACGCTCTGGATCG
19,TACCGCCCACCTCACGCTC
19,CTTATACCATGATGTAGCA
19,GAGGCTCAGCTGTGGAGTC
19,CACAGGCCTGCAGTCTGGC
19,TATATCTTGGTGGACGAGT
19,GCATAATTTCTGAGCGGCC
19,GGAGACGCTAGCGTGTGCC
19,AACTGGAGCGGACAAGGGG
19,TGAATCGGCGAGCAACAAC
19,TCACGTCGGTTCTGGAACG
19,CTGATGTGTCAAAACCTCG
19,AGAACGTCGCCGACAAGCC
19,GTTGTATTCCTTATTTTAT
19,TTGGCGGACGGCAAGTGCC
19,TGCCTGTATCAGTGTCCGT
19,TTGATTGTACGCGCTCCGG
19,TGAGTGAAACGGCCTTTAG
19,CGGTGGGACGTCAAGGTCA
19,TACTGTGAAACTGCGAATG
19,TTAACAAGCATATCCTACC
19,CGTGTCTTCACTCGAGCCT
19,TTGCCCTGACGTCGTTGAC
19,TAATTTCTATAGTAGCTCC
19,TACCATGATGTAGCATCTG
19,GTGAGTCGATCCTAAGAGA
19,TACGCTGCGACCAAGAGTC
19,GCGGCCTGGCGGTCGGGCT
19,CGCGTTGATGAAGAAAATT
19,ACGCTGCTGGCTAAGGCTG
19,ATTCCATCGTCCTTCACAC
19,TACCATCGTAGTCTTAACC
19,GCACCACGAGTCTCTGCCT
19,TTGAATAACAGTTTGAATG
19,TGACCACCGGGGAAGTCCG
19,GAATAATCAGCGGGGAAAG
19,ATCTGCTGAGATTTAGCCC
19,ACAGCAAATTGAGGTCTGT
19,CTATTGGCGCGGTGAGACT
19,ACCTTGATCGATAGGTCTG
19,AGACGACGAGACTCGCGCC
19,GAGAACAATTTAAATCCCT
19,ACCCAGTACGAGAGGAACC
19,AAGCGAATGATTAGAGGAT
19,TCTCTCGTCAATGTTCTCA
19,AACTTTACTGAGACCGCGC
19,CTACTTTGTTGACGGCATT
19,AGATTCAACCAAGCGCGGG
19,GTGGTTGTGTGTGGATTGA
19,AAACTCTGGTGGAAGCTCG
20,TACGAGAAGCGTATGGCGAC
20,CAAGCATATCCTACCTTGGA
20,ATCTCTTATCTCGGCCATTA
20,GTCGAGATGGCCATCGGTCT
20,TTGGTGGGTTGGTGGGCTTG
20,TTGTCGGGCGGGTAGCATTT
20,AGAGAGTTAAAGAGTACCTG
20,GGTCTTCCTGATGAAACGAC
20,AGAAACAGAGGCTGTAAGTC
20,AGGAACCGCGAAGAGAAGCC
20,AAGCTACCATCTGTAGGATT
20,CCAAATGATCACTCGAACAG
20,TGAACCGAGACGTGGATAAT
20,CTCTGAATCCAGCGATCCGG
20,AACCGTCGCGTTTAAACTCG
20,AGGAACTCTGCGGACTGGGA
20,TTCGGGCTGGCTGCTGTTTC
20,ACGAATCCTATCGACGAGGC
20,TGTGTGCGTAGATGACGATG
20,AAGTCAGAACTTGGAGGACT
20,TGGAGTGATTTGTCTGGTTA
20,ATCGAGCGACAGCAGTATCG
20,TCGTTCTTGATAATGCGCCT
20,GAAGACTGGCAGAACAAGCC
20,ATTCCGGATAACGTCTTCAC
20,GATGGGAACTTTTTTAAACC
20,GTTAATAATCAATTGGAACT
20,TAGAAACCCAACGTCGTTTG
20,CTGTTTGATTGTGACATGCC
20,TACAATTAACTTGACTCAAT
20,AGGCTCTCAAGAGCTCGGCC
20,TAGAAGAACACCTGAACGCA
20,TACCTGCCTGCAGACGTCGC
20,GTTAGCACTCTGGACTCTGA
20,GTAACAAGGTAGTCGTAGGG
20,TGTACGACGAGGAAGGCGCC
20,TCGTAGCACCATGAACCACC
20,TTAACAAGCATATCCTACCT
20,TAGTCTAGGCGGTTAGGATA
20,TTGCGATTTTTGATGAAGTC
20,TAGTAAACGATGAGCGACCC
20,GACGATCGCCGCCTCTCGCC
20,TTTCAAACGTCAGGTATCTC
20,TGCAGCGTCAGCGGATCACG
20,ATCAGTATTAAGTAAAGGGT
20,ATCGATCGTCAAACTTGGGT
20,CCCAAGCTGATTGACATCTC
20,TCTGACGGTCCTAAGGTAGC
20,GTCCTGAATGTGCTTGAACA
20,AGAAATCAAAGTCTTTGGGT
20,CAACAGACTCTCCATGCAAC
20,CGGATTTCGTGCTTCTGGGT
20,TGCCGAGTACCCGGGCGGGC
20,TCGAATCGGCGAAGAGCAGC
20,GTTGGCGACCGGTTTGTCTG
20,TCCAATATTGATGTTGTACT
20,TGCACAAACTGGCCTTTTCC
20,CCGTTCCAGTTCAAGGTCGT
20,ATAAGTGATGAATAGCTTTA
20,ACGATAGATTTAAAATCTGT
20,ACCAAGAGGGACTGGAGATT
20,TAAGAGCACATCGCCGCACT
20,AGTTATAGTCTACTCGATAG
20,AAAACTGAGCTGCAGGAACT
20,TCGGTTTCTCTGCTCAAGAC
20,TTGGCTCTGAGGGTTGGGCC
20,TCGGTGAAAAATTGGGACCG
20,GAAGCGGGAAGAGCTCAAGC
20,TGCTGTGTGTGCTTGCTGGT
20,ATATTTCAGCGTCAGAGGTG
20,TTGTTGGATTGTTCACCCAC
20,CTGGATACGATGCGTCAGCT
20,AGTTCAAAGGACCAAACGCC
20,TTTGAAGACACCCTCCTTGC
20,ATTACGTCCCTGCCCTTTGT
20,CAGCACCGAAGGTCGGCTCA
20,ATCGGTAATGTTTTTGGTTC
20,ATGCTGGAATAGACGATAAT
20,AAGGAAGGCAGCAGGCGCGT
20,CCCTCGTTAAATGCAAGATG
20,GAGATGTTGGCGAGTCGACT
20,TTCGCCTTCGTCGATAGATA
20,GCCTAAAATGTATCGAGACT
20,TCAGTCGAGTACGTACCCGA
20,TGCATGTGACAACGCCTCCT
20,CGGGATGCTACAGCTCGACC
20,CGACCAAGTGCAGCCGAGCT
20,ATTAAGGGTTCAAATCCCTT
20,TTGCTATGCGTGTGTGGTTG
20,CAGATCAACGTCGGCCGCGT
20,GATGCCCCGGTTTCTACGAC
20,GTACACACCGCCCGTCGCAC
20,GCGGACGTCGTGTCGTCGTC
20,CGGCCTTTCTGTCACAGACC
20,ACGGACAACGAAAGGGCGCT
20,CTTGACGCTGCGTCGGCACT
20,AAGGATGCGACCAAAGGGCG
20,TCGGGCAATTGGAATGAGAA
20,TCCGGAGAGGGAGCCTTAGA
20,TGTGCCCAGGGAAGAGTTCT
20,TAGGGCTGCCTATTGGGTCA
20,TGCGGAAACATCTTGTTTTG
20,CTTGATGTAGAAGTGTCACC
20,CGATAAATCGATTGAGTTTC
20,ACACAGTTCTGAGGAACTTG
20,TGGCCGATGCTGAAGCTGCT
20,ATTGATTACGTCCCTGCCCT
20,GTTCCAGTCGCAGGAGGCTG
20,AATCGTCGCCATCTGTGGCA
20,TCGCTTACCGGTTGGAAATC
20,CTTGAGTCCATTGGGTCTTC
20,AGCATCAGGCGCGTCTGGCG
20,GTACTGGGCTGCTAGCGCCT
20,AGGATGGAGAGAATCTCCTT
20,CGTGTGTGCTGTGTGTGCTT
20,TGCACCGCCTTGCCGCACTG
20,CTGAGAAGACAAAGAAACTG
20,GCTCGTGCCACGTCGGAGGA
20,TGAAGCTTGAGTGTCTTGGC
20,TCTAGGCTCGCACATCGATG
20,TCGCCTCGAACGCCGGCTCC
20,TGAAACATGTCAGCGGCTCA
20,CTGCGTGGGTTCAGACCCCA
20,ATGCCAACGCCGGCGCCGGC
20,ACTACTGCCGTAAACCTGAC
20,GAAGGGCGGCAAGAAGGGTG
20,CCAACGAGATGCCCCGGGTT
20,GAGGAATTCCTAGTAAACGC
20,TAACATGCCTCGTGGCACTG
20,GTAGCATTTATTAGATTGAA
20,TCTGGCAACTCGGACCCGCG
20,CCGGACTGGGTCTCGGACTC
20,AATAAACACCATACTCACCT
20,ATAAGGTTATCGGTTCGAAT
20,CTGCTTGTCGGGCGGGTAGC
20,CGCTGTAGTTCTTACACTCG
20,GTAACATGATGTATAGGGTC
20,AGATTCGACCTTGTATTCCC
20,CGCTGTTGCTTGTTGCGCTT
20,TACCATCTGTAGGATTATGG
20,TGCCGGAGAGAAAGGTAGTT
20,AATGATCAGCCACATTGGGA
20,GGAGCGAAGCGAAGACGAGC
20,CGACGGCCGTAGAGGATCGT
20,TTAGAAACTCCGAATACAAA
20,TCAGAGTCATGGTCGGGCTC
20,GCAGTCGTTTACTTTAAATG
20,ATCGGTACAAATACATTTTG
20,TCAGCTTGTCCATGGATTGC
20,AACGTCAAGGATTTAACCCT
21,GTTGAGGACATTGTTTTAAGG
21,TCTGTGTGCGCCGTGTGCGGA
21,TTGCACTGCGAACACCAGAAC
21,AACCAACGCATTTCTCGGCAG
21,GTACACACCGCCCGTCGCACC
21,AAACGCCTGGCTGTATGGACC
21,CTCCGAGTTCTCCTGGTCGAC
21,AACGGGGTGTTGTAAGCATGA
21,CGACGTGGAACCGCTACATGC
21,AATAATACCTACTATTGGACT
21,GATGAACCTTAAACGCCACTG
21,CGGGTTGCTGCGTCTTTTTCC
21,CACCCGTATGGACGACTGGAA
21,ACGAAGACACTGAAGTATCTG
21,TCCGCAAGCAATCCCCCGCTG
21,AACTGTACTTCTCTTTGCTCC
21,AAATGGAGCGATTTGACCCGT
21,CCTGAAACTGCTGAAAGGGAA
21,TGATCAACATGTTTGGACCTA
21,ATATGATCTGCGCACGGAGAC
21,TAATATGTGTGAGTAGGCGTA
21,TACGGGAATACTTGTAGGCTA
21,CCCAGGATACTCGGACTGGAG
21,ACACCCGTGAGAAGGCCACTG
21,CTCCGACTGCTGCTCGTGCGC
21,CACGCGACGTACGGCGTCTTG
21,AATGAACTAGCCCTGAAAATG
21,TACGAGTGTCTGATTCTGACT
21,TCCTCCAGGAGCAACGGTGTC
21,TTCGAGGCATTTGTATGATGA
21,CGTGTAGAAAAAAGAATGTTC
21,CGACATATTCTTACTGTCGGC
21,GGAAACCCCAGCGCGAAATGA
21,CTCATGACTGCGAAAACCGAA
21,ACACTCGCGATGGTCATATCG
21,TCATCCCAATCCCTTTGATCC
21,AAGCGCGAACGCTGGCGGTAC
21,CGCGACTACCGTAAATACCGG
21,GTTCATTTAGACAGCAGGACG
21,AGAGTAGGCTGATTTGTAATT
21,ACTGATCTCAAGCTGATGACT
21,GCTTTTTTGGCTGCGCTCGGC
21,TTTATACTCTTCGTATTTTAG
21,ACAAAGCATTGTGATGGCCGG
21,TCGCCCATCGTCTTTCAAGTC
21,TGAGTCTGACGAGTTCCCGAC
21,CGTTTGTCTGTTATATCTTGG
21,ACGGACGAGCAGCGAATGCCT
21,ACCCCGACTTCGGAGCTAGGC
21,ATCCGCAATATCGTCAAGAAC
21,CAGTCGACGGAATCTAGAGGC
21,CTTTACTCTCGCCTTGGACGC
21,AAAAACGGCTGCTGAACGCGC
21,CACAGGCTCTGTAATGACACC
21,ACACGATTGTGGAACATTTCG
21,CATCCATAAGCACAGACTTGT
21,TAAAAACCGGACTACAATAGC
21,AAATATTGGGAAAGATAAATC
21,CCTTGTCAGCACCGTATGAGA
21,TCTCCAAGTGTCTGTACGACG
21,ATGATCATTAACGACCGGAAC
21,TTGGTCAACCGAATGCTCTGA
21,CAGATTCTACAATGGAGGCCG
21,TCAGAACTTGTACGCACGCCA
21,ATCCGAAGTCGCTGTTGGGGC
21,TAACGACCGGAGCCTGCATCA
21,GGTTGGCGCTGACGCGGACAC
21,ACTATCTGTTGTGTCAGACGA
21,TCATCTTCTTCGCTCGACTCC
21,GAAGTGGAGCCTGGTGCCGAA
21,TACCTTGAAGCCGGACGTCGC
21,AGGCTGGCGTTGAGACCTCGC
21,AATACTTTTTGAATCTGAAAT
21,TATCCGGAAAGGTTTCTCTAC
21,CGACATGTATGGCGCCTTGGC
21,TGACGGACTGCGGCGCTTGCT
21,TGTTGGACCTGCAGCGATTGC
21,GAACGAGTTACTACAGCGGGC
21,GAAGGACGCGGCCGACCGCCT
21,TGCGACCTCCGTCGGCGCTCG
21,TAATGTAGTCGTCGTATTGGT
21,TTCGCAAAAGTAAGTTGTAGC
21,TACGATATGATCCTGGGCATA
21,CCTGCTTACAGTTCGGCACTT
21,CAGCAAAATACTGCAGCACTC
21,AAGTGAACGAACGGGTGTACC
21,CATAGGTTGGGCTATCACGAG
21,GTTCTCTTTTCTTTTTAACAA
21,CCTTGATCGATAGGTCTGGGT
21,CGACGTTCTATGTCGGACGTC
21,TGCTGGTTTACTTCGTCAGTG
21,CCGCCGAGTCCAAAGGACTGT
21,ATAAAATCAGTTGGCATCAGC
21,CTACTGATGAGTTCGTTGTCT
21,TTGTGGGTCGTTGCCCCGACC
21,GCACCATATCCCGTCTGCTCT
21,CGCAGACGCCGTTCCGGCAAG
21,CAAATAGATACGCTGATGCTG
21,AAAGACGGCAGTGAACCCGCC
21,TGTGGAACTTGAGCAGAAAGT
21,TGAAGTCGGATTCCAAAACAA
21,AAAACACGCGAGTCAGGACCC
21,CAGTTCGGCACTTTCTGTACG
21,GAGACCGGAGCGTGAGAACTT
21,AAAAATAATCAACTTCCCTGA
21,CAGCTTAAAGTTCGGATAGAT
21,TCCTGGTTGGTGATGATGGCC
21,TTATCGCCGGATAATCCGTTT
21,ATAATAAGATACGGCCTTGGT
21,CTTCAAACGAATCGCGATGAT
21,ACGGTTGTTTTTGACTTGGCT
21,AGGCACTTGGATCACGGACAC
21,TCAATTTCATGAAACCGTCGG
21,ATGGCTTCGGAACTTCAACAA
21,GCACATATGTTGGTACCCGAA
21,AATAGTACCTGTAATTCTGAA
21,AGCTACGTCGATCAAATGGGC
21,TTGGGAGGAAGCTTGTGAACA
21,ATCATCGTGTATGTGTTGGGC
21,CTTCCACTTGGCGTGTCGCTT
21,TGCGGCCTGGCGGTCGGGCTG
21,TGACGACTGTTGAGCAGCAGC
21,TCTAAACAGTAATCCAACCCA
21,TTACGACACGTCGGTTGGTGT
21,TTCCCGGACGCAGGAGCATGC
21,CATTCGGTTTGTCGATGCTGA
21,TAGTTTTCCGGGGTCGGCAGC
21,TCTGACGTTGTCTCGTCTGCT
21,CTCGCCTCACTGACGGCTGCC
21,AAATGCAGTCTGCGCAAACTG
21,GTTAGTCATTCTGTGACTGTC
21,TTCCTTGGATGTCTGAGCGCT
21,TCAGTCCGAGCTAGCCTCCCC
21,CACACGACGGAAGCTTCTGCT
21,CATTTCACGGCGAAAGGCTAC
21,AAAGTAGCTATTGAAGGAAGC
21,CTCGGTGAAAAATTGGGACCG
21,TCTGGAGTGACTATTTTGCTC
21,ATCATGGAACAGGCGCTGAGC
21,CTACTACTGATTCCAGTGCTG
21,TGAATGGACACTCATTGCGAT
21,CTATAGAGCTTCGAGTTCACC
21,AGTTCCAATTGACCAGTCTGC
21,TAGTGCGTTGAACAACCGGCT
21,AGGTAACTCGGGCTGGGTACT
21,CACAGTCGAGCGTCCCGCAAT
21,CTTCCAGTCGGTCACTTGCGA
21,ACGTGGAAAAGAAAACCTCCT
21,AAGGAGGATCACAAGGTAGCC
21,TCTTCTTCGGCTTGCACTTCT
21,ACAATAGATCCAGTTCTTCTT
21,TAGCGAGAACTTGAAATCTGC
21,CTTTTCAAGTAGTAGAAGACT
21,AGTGCCACCGCTCTACGCTGT
21,TACAGCTCATCGTTGAGATGA
21,GATAATTCGATCATCTAACGC
21,CAACAGTAATCCGTCGAGCCC
21,TACTCTGCGCATCTACGGACC
21,ACAGTAATCCAACCCAGTACG
21,ATTCCTGAACCGAGACGTGGA
21,ATCACCAACTGGACGCTTGCC
21,TACCCTTGCGTACTATTTCGC
21,ACGGAGGGCTGCTGATACTAG
21,GTAGGATTATGGCTGAACGCC
21,AGACAAGAGAGCGACTGGCAC
21,TGGGCTGAAGATTGGGACTAG
21,CTTCATGCGCCACTTCGGCCT
21,GGATAATCGTGTAGTAGTTCC
21,TACTGCCAGGCCGATACTCCA
21,TCGGACTCCGCGATCCGGCGG
21,CGTCGTAGTGCTATCGGCGGC
21,GCCGAATGAACTAGCCCTGAA
21,TCGCGGTTGGGACTGAGGTGC
21,TTAGCTCTAACTGAATCCACT
21,TTCCCGACTGTATCCAATTCT
21,AAGTAGGTCAAAATTTATGGC
21,TTGTGCCCATGGAGGAGGCGG
21,CTGAGATCGATCTGCTCGAAG
21,ACGAGTTCTTTGAATGGTGCC
21,ATCTCATGTAGAACAAAAGGG
21,ACCAAACCTCATCTGAAGCCA
21,TCGTAGATCAGCAACGTGACT
21,AGTGCCAAAATGCTCGCTCAC
21,CCGGACACTGCTTTTGGGGCA
21,CAAACTCGGCGTAGTAAGGGT
21,CTGGACACCCAACATCATACA
21,CATGAAACCAAGTTATGCTGC
21,ACAGATTACACGGTTGAAGAC
21,AAAAGGCTCGGTATCGTTGTC
21,TTTGAACGAATTAAACAGGTC
21,TAGGTTGGACGAAGAATTCGT
21,ATACGATCCATCGCTGCGTCT
21,AAGCAGATCGTACAAGCGTAA
21,TAAGGATAATGTGATGGTAGA
21,AACAGCACAGTACGGTCGACT
21,TCGGGACCTGTGAGAGATTCT
21,TTAATATCGGTCAAAGGCGCT
21,TGAGATCCATCTGGCTGCGCT
21,ATTGACTGTGATAGCAACGGC
21,CGGGACACCTCGCATTGGATC
21,CGCCCTTCTACATGCATCGCC
21,TTCTGGACATGTGCCCGAAGT
21,TATGCTGTGACACCCTGTCAA
21,CAAGTAGTGAACCACTGGAGA
21,GCGAGAAGGGCGACTCTGAAG
21,CGGGTGGGCTGAGAGCGCGAC
21,ATCCTCATCATTGTCATCGTC
21,CTCACCCCAGTAGATCTTGGC
21,CATATTGCGCGACTTGCACTT
21,CCTTCCTATGATCAAGAACTC
21,TTGGAGACGTCATTGAGTTGA
21,ATGGGAAGCGGGCTTGAACCC
21,CACACTGTGGAAACAAACATA
21,TTGGTGCGAGACCGATAGCGA
21,ATTCCACAAGGCTGTCGAGCG
21,GCAGCGGACTTAGGAAGACGT
21,GGATTAAACAACGTAGAGACT
21,AGAAGAAATGCGGTGATTTCG
21,GGTGGTAACCAACGACTATGT
21,AGACAGCAGGACGGTGGCCAT
21,CGTAGTTTTTTCGCTTGCGCT
21,ACAGATTGAGAGCTCTTTCTT
21,TTTTATGAGGTAAAGCGAATG
21,TGTACTCGTATGCTCTGCATA
21,ACGCTCGTCTTCTGAAAACGA
21,TTGCAGCTCGAATACGGTATC
21,TAATATACGTAGATCACAGTA
21,AACCAAGAGCTTGAACCAACT
21,AAGCGTAGCATTTCTCACAAC
21,TGAACGACACCGGCAATTACC
21,TCACCTTTCCCCCGCGAGGCC
21,CATCGTCTATAGTTTTGGCTC
21,CACTTCGACCGTTAACATGCC
21,TGAAGCGCCCACGTAGGACCC
21,TGTCTGAAGAGCTTCGAACGC
21,CTTCTCGGTGCTAATGGCGTC
21,CCTTGAAGCCGGACGTCGCTC
21,TAGAGGACGAGACCCCAGGCG
21,CGCCGCTCGGACTCGATATGT
21,AGACTGATCTGTTTGCCGAGA
21,GGAATGCCAAAACGACTGTGC
21,GAACTGGAGCGGACAAGAGGA
22,TGAGGTTGTTCCTAGGACCTTG
22,CAGGAAGCCGCGACGTCAGACA
22,CGAACTTTGAAGACTGAAGTGG
22,CCTCAGTACAAGCTCAGCTTTC
22,AGCAGAAACAGGTGTAGGACCT
22,GCGTTTGGACTTCGGTCTGAGC
22,TCGAAGTAATCCGTTTTGGCGA
22,ACGCTAGCGTGTGCCCAGGGAA
22,TACAGAACTGCATACAGGCACA
22,CGCCTCTAAGTCAGAATCCATG
22,CGCATCGTGCTAGGGATAGACT
22,TTTAGGACCCTCCGGGGCATCC
22,GATGCCTGTTATCGGAAGCAGC
22,TACTGAAGATCCGCTATTCACT
22,GGACTTCTCGGCCGACGCCAGC
22,TCATTGGACGTATGAAGCCCGA
22,TTTCCTAGATCGGTTGATGAAC
22,TCGAAGATCGGCTGAAAGCACC
22,CGGGATGAACCGAACGCAAAGT
22,TCGCGGTCGCTCAGTTCTAGTT
22,GGACCTTCTGTAGATTTAGCTA
22,TATCCTACCTTGGAAACGGATT
22,TCTAGTACTTTGACTTCGCACC
22,TCACGGCATGGACTTCACCCGC
22,TTTGGAGAAAGTAGGATTCGAA
22,TTGGGAATGGAGATTGACCACG
22,TAAGACGGTCGCTGATATTTGC
22,TTCCGTCGTAGCTCCAGTGCCA
22,TGAGGGCGGTATTTAGTTCTTC
22,TAGAATCTCGGACTGGGGCCCG
22,ATCGATTGAGTTTCTGCCCTAT
22,CAGCTTTACTCTCACCTTGGAC
22,TGTCTTGGTGTGCTCAATCATG
22,TGAGCTACGTGGAAGACATCGT
22,TCGATACTCGTTTGGTCGCAGT
22,AAGTGTGCGTCAACGTGGCTTC
22,CATCCGAGCGGATCAACATTCT
22,AACAGAAATCTCATGTAGAACA
22,ATAAACTATGCCGACTCGGGAT
22,AGGTCCTTCCTCGTATCGGAGC
22,CGCCTCGCCCGACGGAACTGTC
22,GAGCCAGTTCTACCCCATGGTC
22,TGATTTGTCTGGTTAATTCCGT
22,CAAGCCATGTCTAAGACTCACC
22,CACGATTCTCGACGTTAGAGTG
22,TTGACGTTGCTCAATGAGGGCG
22,CTGGGGCGTCGAAGAATTTCGC
22,TTCATAATTTGGTTCGCAAATT
22,CAAGAATCGATCGGCGCAAACG
22,CAGCCGCCGCCAAGTAAGACCC
22,AATTTTCCTTGGATGTCTGAGC
22,AAATGAGACTGCTCCGTATAAA
22,AGAAGAACTGGATCTATTGTTA
22,CATCCACTGCTGAAAGTTGCTA
22,ATCAACCTCCGCTCGATCCGCC
22,TCCTGAGTCGGTTGACTATATC
22,AATGTGTAGACGTTGTAATATA
22,CACGAGGACGAGAAGGACGACC
22,TTTTGTACTGTGAAACTGCGAA
22,GAGTACAAGGACGCTGGAGCGT
22,TGTGGCGGCCTACGTTGGGCTG
22,TCAAGAGATTCGACTCGGCGAG
22,CGTGACTGTTATGGAGTGGCCA
22,TTGCTATGCGTGTGTGGTTGTG
22,TAACGAACTGCGAATGAGTTTA
22,CAGCGCTGTAGTGATGTTGTGC
22,TCCGCCGGGTCGGGGACCGCCA
22,TGATTGAGAAGTCTCTGGGCCA
22,ACAGGTTTTGAGCCCAGATGCC
22,AGAAACTAACAAGGATTCCCCT
22,GGCCAAGCAGTTCGAGCAGCTG
22,CGACCGGTTTGTCTGCTGCGGC
22,ATGGAAGTCGGAATCCGCTAAG
22,TACTCTATCAAGTAGCGAACCG
22,CAGCTCTGAGTGTAGGCTTTGC
22,ATTATAATAAGAGTGGTATTTC
22,TCTTGGTACATCGTCAACATCG
22,GCAGGATTCAGTGAGTCATCGA
22,TCGCGTCACGTATCGCCCGACG
22,AAAGAAATGCCGATTCGCGACT
22,GTTCTCCACGCTGTTTAATCTC
22,TCTAGCGAACCCACAGCCAAGG
22,ATACGGCATTGGGAACTCAGCC
22,AGTGTCGAGAAGATGGCAAATC
22,TAAAGGCTCCAGCTCCAAGGAC
22,TATCAAGTTGCTAGTGGGCCAT
22,GTGTTGTAAGCATGAGAGTAGT
22,AAGAACCGGATCAATGCAGTAT
22,GTGTACCGGACTTTGCACGCGA
22,ATAAGCCGTCACGTAAACCTCC
22,TAACCGACAACAGCGCACTGAA
22,AAGAGACGATGCTTTGGCTGCA
22,TGAAGCACCGCTTCATCGGACT
22,ACAATCGGATCGTTACTATGGT
22,TGACGAGATCGTAGACAAGCTC
22,ACGTGACGAGAACCAAGCGTAA
22,CTGACGTGCAAATCGATCGTCA
22,TGGATTGATGTGGGTTTTAACT
22,TCGATTTGATTCTCGGCACTGA
22,AAACTGTACTTCTCTTTGCTCC
22,AGCGTCGGGGATTCAGAGGCCC
22,GATGCGGCCTGGCGGTCGGGCT
22,TTCCCACTGTCCCTATCTACTG
22,CGTGAATTACTGAGCCAGATCC
22,GTGCCGTTGGACCAGCTGCCCA
22,TTTGCTCATTTGAATACATTAG
22,AGTGAGCGTATACCGCCGGGGT
22,CACGATTGAGAAGCACTCGGAA
22,TCGGATCTTGAAGTGTTTCGCT
22,GCGGTGGGACGTCAAGGTCAGT
22,TCGATCGTCAAACTTGGGTATA
22,AGTAGTCGCGGTTGGGACTGAG
22,CTTTTACGTCGGGCGCCTCAAG
22,TGTACACACCGCCCGTCACATC
22,TTGCGCGATAAATCGATTGAGT
22,ATATAAATAAGACCCGAAACTG
22,TAATCGGGCTGCTTCACGTAGC
22,ACTTATGGATATTCGAGGCATT
22,TGCCTTCGGCCTGAACGGCTCC
22,AACTCGAGAGACGAATGCACTG
22,CGATTGAATGACTCGGTGAAAA
22,TCATGCCTTCATTCCCTCAAAG
22,GGCCATGGAAGTCGGAATCCGC
22,AGCACGACGGCGATGGAGCGTC
22,GTTGGAGGCAATAACAGGTCTG
22,TACCGCGATAGAGTTCTGGAGC
22,TGTCCGCTGCTAGCTATCGCTG
22,TTTCTCTGACGAGATGCGGATC
22,CAGGCTGCCCGACTCGGTATCG
22,TTGCGATCGGGATCCTGATGCC
22,TTTAACTTGTTGCCGTTCGGGA
22,AACCACCGGGTCATCAGACTGC
22,TCGGCAGGAAGCACCGAGGGTT
22,GCTACCATCTGTAGGATTATGG
22,GGTGCTCAGAACTGGCAGGACC
22,GCTGCTAGTGGCTTCGTCAGTG
22,TAGATCTACGTCTGGAGTACGA
22,GTTCGTGAAGAGAGCCATACTC
22,TACCTGCACCAGTTGCTAGACG
22,AAAGCACCATATCCCGTCTGCT
22,AGCTCGTAGTTGGATTTCTGTT
22,GTGCCAAAATGCTCGCTCACCT
22,TGAAGATCCCGCGCGATATGCT
23,TTTTGAACGCATATTGCACTTCC
23,TAACGAACGAGACCTCCGCGTGC
23,TAGCGGACGACTGCACGCTGTCT
23,TGAGTGGACGATCCGGCGCAGGA
23,ATGCGCATCGTGCTAGGGATAGA
23,AAACTTCCTCGACCTATTCTCAA
23,TACCGTGGACGAGTTTGCTGATT
23,ATAAACTATGCCGACTCGGGATT
23,CTTTCCTCGTAGACAATCTCAAT
23,TTTTAAAGAGGACGAATTTCCCT
23,TTAATGAGTAGGAGGGCGTGAAG
23,AATTTGGGACAAGATGCAGAACT
23,GCTGTAAGGGTTCAGGAATGCTC
23,TAGACGACTTAACTACAGAACGG
23,TTCATCAGGAACCTGAGCCTCGA
23,CTAGCTGGCTCTGCCGACGCCGC
23,CAAGGCGACTGAGCAGGACCTCA
23,AACTCGTGGGTTCAAATCCCACT
23,TATATCTTGGTGGACGAGTAGTC
23,GCGATGCGGGATGAACCGAACGC
23,AGTCTTCGGGCTGGTATTGTGTT
23,AGACTGCCGCCGAGTCGTCGGGT
23,GAAAATGAACAAGCACAAGCACC
23,GCTGCGCTCGGCGTGTGTGCTGT
23,TGAACTTGGTCTCCCCCATTGAT
23,TCGTCGCTGATTTGCAAAACCCG
23,GGAGAACTTGTGGCGGCCTACGT
23,CCTGGAAGTATGCCTGTATCAGT
23,CTTAACGAGGATCAATTGGAGGG
23,TCTTGAGCTTCTCCGTGTAGGAC
23,TAAGCGAGTCTTCTTGGAGGGCT
23,TACCATAAAGCTCTCAACCGTTC
23,TGGGACTGAGGTGCCTACAACGT
23,TCGGCCCCGTTGGTCTGTCGACT
23,GAAACTCCAAGAGATCTGGGCCA
23,CTTGCATCGTTTACTGTGAAAAA
23,AACGCGTATGGGCGTGAAATGGC
23,TTTTAGAATTTTGTTTAATTATT
23,TTGGACTATAGCAACACGTCGCC
23,CCTGAGTTGCTCGTGCGTACGAT
23,AGGGTCTGACGTCCGATGAGGCC
23,GGCGAATTGTAGTCTATAGAGGC
23,TATGCTGTGAAGGATCTGACACC
23,TCGGTATGCATCTCAATTGGACC
23,CTGTGAATGAGGCTCTGAACGAG
23,GGACGGTGGCCATGGAAGTCGGA
23,AAGTGCCAAAATGCTCGCTCACC
23,CTCGGTCGCCGACGAGCTCTTCG
23,CGGCCTTTAGTGCAGATCTTGGT
23,ATGGGACTGCGCCCAGAAGGACC
23,TATGTTGGTACCCGAAAGATGGT
23,TCTTCATGAAGATTGTGACGGGG
23,TTCCACCTCTGTCAGGACCCGGG
23,TAGAACCGTTTTTGATCTGGGGC
23,TTGTCTGCTGGATACCTTGGCAA
23,AGGATTTGTTTTTTCTATGAAAC
23,TGAGCTTCCTGAGCCATGTAGCT
23,GAAAAAATTAGAGTGTTTAAAGC
23,TCACTACTACCTGCCACTGGTTG
23,ACTCGCGTGGCGGAGGTGGCGGC
23,GAACACTGCGAGAACGAGGACCA
23,GCGTGACTGTCGACTCGGCTGTG
23,CAACCAGATCACCATCGACGGCC
23,TTCCTTAGTGCGTTGAACAACCG
23,GCTAGGGGGTGTAAAAACTTACT
23,CGATGAAGAACGCTGCGAACTGC
23,TAAATCACCAAAACGGCCTCTGT
23,AGTTTGCCCGAGTGGTCTAAGGG
23,TACTGCATGGAGGTGTTCCGGGC
23,GGATTGGCTCTGAGGGTTGGGCC
23,AGTTCGGACGTCCTTGAACGTCT
23,AGTACTGGCGGTGGAGAGTAGGG
23,CAGCCTCAAGCTCGGGTAGTACT
23,AGTGCTGACCGTCTGGGCAGCTC
23,AATTCTGATGTGTCAAAACCTCG
23,TCCGGGACCGAGGCTATTTGAAC
23,TCTTGTCCGGACTTGGGGTGTCC
23,GGCGATAAGGAGGATGCCTTGGC
23,CAACGTCGCACGTCTCGCAGCGG
23,CGATAATTCGATCATCTAACGCA
23,AATCGGCAGAATGTTATGTTGTC
23,AAGTGCTCGACGCTCTGGGCATT
23,TTTCCTGTTCCACCTGGACCATC
23,CGTCCATGTAGACCAAATCCACC
23,ATAAATAACAATGCTCTGGCTCT
23,TAAATCCTTTGTAGACGACTTAA
23,TTTTTGTGGTTTATTTGGCGCTT
23,TCATGGAGGCCGGCGCCAAGGGT
23,CACGGTTCTATCGGAGAAGGCTG
23,AGTCAGTCTGGATTCATACATTT
23,ACAACATCTTCGTATCGAACGGC
23,TTGTTCTTGCCGACCCTGGGCCT
23,TCTTAGGCTGAAAGCACCATATC
23,GCATATCCTACCTTGGAAACGGA
23,TCTATTAATTTTTCAGTACCTCT
23,TGCACGTTGGAGAGCAAACGACC
23,TGAACCGGCCGGATCCGCTCGTC
23,GAAGCAGCGTCGAGGTGGAACCA
23,ACTCGGGTGCCAAGAACCTCTAC
23,TTGGGCACTCGGCTGCGGCTAGC
23,GTTCCCCACGTCGTTGTACGACC
23,TCGCGTTCGGATTGATGCTGCTC
23,TCTTGGTTACGAGGCTGTTGACG
23,AGCTGGGCTGTTTGAGGCGTGGG
23,TAACAGTGTCTAGAGGTAGGTTC
23,TAGAGTCCTCTGCCATGACCGGA
23,AAATAGATCCGTAACTTCGGGAA
23,TTTGTACACACCGCCCGTCGCAC
23,TGAGTAGGAGGGCGTGAAGGTCG
23,GACAGCGGCCGGATCTGACGTAC
23,TTGCACCGTCTTGGGTCTCCACT
23,TTGCGGACCAGCAGCAGTCGTGC
23,CACGAAGACTTTGCGCGACTACG
23,GTCTTCGGCTGGGTCATCGCGCT
23,AGCGGGAGCCAGTCTGGTCGGGA
23,TGAGTCATCGAAATTTTGAACGC
23,GGCGTGAGCCTGAGTGAAACGGC
23,TCACCTTTCCCGATGTGCCGCGA
23,AGGCATTTTTTGTGAGGCTGCCT
23,GCGCAAGTTGCACGACCGGAGCT
23,TTGTCACGTGAAGTTGCGCAACT
24,GGAGCAAGATCAAGGAGATCGAGA
24,CGAAAAAACGTAGCACTTGCCTCC
24,TACAGCACTGTAGCAGCACGAGAT
24,TTAATTGAGCCATGAACATTGCCA
24,ACGCTAAAGAACCACGAGCACATC
24,ACACGGACCAAGGAGTCTAACATG
24,ACAACATTCGTCAATGTCGGGGCC
24,TGCGACCGAGCTGCATTGGCCACG
24,AAATGTATCGAGACTTAAGAAATT
24,CTGAGGGTTGGGCCTAGGGGTCTT
24,AAGGACAAAGAATGGGCCCTTAGC
24,TTCGGGTCGCTGCCGTAGCAGCTC
24,GCATTAAGGGTTCAAATCCCTTCT
24,TATCAACCTGTTGAACTGTTCGAC
24,TATTGAAGCGAACGGAGATTGGCA
24,TTCCGTGTGATCAGTAATTGGACA
24,TCAAGTATTCACCCTCGGAGTTAC
24,TTGGCAATCCGTCGGAATGTGTTC
24,AACCCGAAAAGTACAACCCTGACT
24,AGACTCAGTGAATTTGAATTATCC
24,AAAAAACGGATAATACTAGTGTAT
24,TAGAATCGCTTCTGGAAGAATAGA
24,CATTATATCAGTTATAGTCTACTC
24,TTTGTAACTGCAGTATGGCATCGA
24,AATAAGCCGTCACGTAAAACCTCC
24,ATCTGTGTGGCCTCGCGGTCGCTC
24,GAGGTGTGTGACGGTCGTGTAGTC
24,TCTGAAAAATCCAAGAGTCACAAT
24,CACGGGTGAGTCGATCCTAAGAGA
24,AGAAATAAGAAGATTCGAGACTCT
24,TCGACTGGCGCTGGGAGCGAGAGT
24,CGACTGTCGGAGACGCTTGGCGAC
24,TGCGGCCACCCGCGACTTCGTCCA
24,TAGCAACCGGAGTTGATCATGGAC
24,TTTGATGGGCTCCGCGAGTCGGAT
24,ATGAGTGCTCTCGGACTCGGCATC
24,ACACCACTGTTGAAATAGACGCCC
24,TATTCCGCGAACTCATCCCAACCG
24,AATATAGACTCAGTGAATTTGAAT
24,TCGCATTGTTGTTGAAGCTCACAA
24,ACTCGCTTCGGTCCATCTTGGCTC
24,TCGAAAGAGAAACCACTAACCACC
24,GAACCGCTCAGATCTGCGTCTGTA
24,TGACCGTTGAGCACGAAGCACAGA
24,GTTGTAAGCATGAGAGTAGTCTTG
24,TAGAATTTCGTCTGGTTTTCGACG
24,TAGAAATCTGCCGGCACCTTTGAC
24,TACCTTGAAGCCGGACGTCGCACT
24,CGGCTAAACGAGACTTGTAGAAGC
24,TGGGCCGTAGGCACAGCTGGCACG
24,GTATCTTTCGAACCGTCGGATATC
24,TTTGTAGCTCCTTTGCGTCGTACT
24,CCCCGTTTCGGCTTCAACTTAATG
24,TCAGCAGTGGATGTCTAGGCTCGC
24,ATCCACACTTGCTACAATATACTG
24,GGGCTTTGGCGCCGGTCGAGTGGA
24,AGAAACGTGATGTAGTCTTGGTCC
24,TCGAGCACATTCAGAACACAAGAC
24,TCTTTATGGCTGGAGATAATTGCC
24,TCTCGATAACTTCCGAAGCGTTGA
24,TCGAGGGACTCATTTAAGGAAACC
24,TCTTGTCACAACAAATTCAGGACT
24,TGAGTAGTTCCTGAACCTTTGTCT
24,CCTTGTATATCACCAGATCTAGAC
24,TTAGCAATTTCAAAGCGTTCGGCA
24,TAGGGGATCGAAGATGATTAGATA
24,ATGATAACACAGGTGTCCTAAGGT
24,AAAAAAAAGAGTTGTTTATGAACC
24,TCACGCTATCGTGCAATCGCGGTG
24,GTTGACCATTGTTTTAAAAGATTT
24,ACGATGTGATTTGGAGACTCCACT
24,TGAAATACCACTACTCTCAATGTT
24,CTAGGCTCGCACATCGATGAAGAA
24,GCAATAGAAGTTTTTCCGGTTTGT
24,AGAATCTTCATGAAGGACAAGCCC
24,TCGTGAACACGTCGCGTTCCGCCT
24,TATTCCGTTGCCCGTGTATCGTGA
24,TCAGCTTGTCGCGACGTACGATGC
24,CAAACACTCAGTACAACTTTGATT
24,GTAACTGCGGTTAGCTGAAAAGCT
24,TGATCCAGACTTGAGCTCACCTCT
24,AGGCTCTTTAGACGATGGCAGACC
24,TGGATCGGGCTCGCACCCTGAGCA
24,TGTGGGCCTTAGTAGCAATGGAGG
24,TTGACTGTGATCACTTCATCAAGT
24,ATGACTGAAAGCGACGTCAACTCT
24,TGAGTCGGTGTCGGGACCATCACT
24,AAAGGGCGTGGGTTCGAATCCCAC
24,AGCGAGAACTGGATTTTGAACGAC
24,GTCTAGGCTCGCACATCGATGAAG
24,TGCATCCATCATCCCTATACCCTG
24,ATTGCCCGTCGTACATCCAGTGCT
24,AACTCAAGAGTGTTCCGGACCGCT
24,ATAGTTCTTACTCATCAGCGCAGT
24,TTAGAGACTGTGGATATCAACTCC
24,CTGAAGAAGGGAAACAAGAACAGT
24,AAGAGTTGTTAAACTTGAACGACC
24,TATTCATGAAGTGATCTAATTGGA
24,TCCCCTTCGATTGTGGGCCTGCCC
24,TGCCACTGTAGAACATGACATCCA
24,TTTTGCGCGATAAATCGATTGAGT
24,TCCAACCGGCGCCCATCTGAACTA
24,TGCGGTCGCGGCTAAGAGACGCCG
24,TTCTTCCAGCCGAGTGTTGAACAC
24,ATGTCAATTCTTTTATTATTCCCT
24,ATTTTTTGTGAGGCTGCCTTTCTG
24,CCAAGCTCAAGCTTGACAAGGACC
24,CCTCGGTATTTTCGGTATTTCTGC
24,AAGACCGAAGATGAACAAGTCTGC
24,TCTTTTAAAAGCGTCGTAAAAGGA
24,TACGTTGGGCTGCGTCTGGACCTT
24,AGGAACAGGATCGCGACCACGCCT
24,ATACTACGACAGAAGACTATAGCA
24,TTTGTCAACGACGCCAAACGGACT
24,TAACTTTTGGTTTTGAGGTGGACT
24,TAACGCATTACGAGCAACGGAATG
24,TGACTTGTGGGTGCGACGGACGAA
24,TTTGAACCCTTAATGCTTTACAGC
24,AAAATGCTCGCTCACCTAGATACC
24,TGAACTGGCAGATTCTACAATGGA
24,TGGCCGGAGACGGTGTTGACACAA
24,AGCTCCAAATCTCGAATGCTCGGG
24,TTGAAATCACTCGCGACATCGGAG
24,TAAGTAGAAACTCTAAGCACACCG
24,CGGGCGGGTAGCATTTATTAGATT
24,AAGAGAAGATCGTAATCCAACGGA
24,GCCTAGGGGTCTTTTTGGAGAACT
24,TGCTCCATCGCTGCCGCTCTTCTG
24,TGAATGCGCATCGTGCTAGGGATA
24,TGCTGTTGACCCGTCACAGGCACT
24,TACGTTGGTGATTGACTCATCACG
24,TGATGGACTGGTGAACCATGGCTC
24,TTCGAACTTGCGGAGATGGCATCG
24,AATGTCGACGATCACCAAGGAGCA
24,ATATGGGAATCTCTCTGAAGGGCT
24,TTGATCCTGGAGGTCGAGCTGGGC
24,TACACCCTCCGACGTAGACTGAAA
24,CGAAGCTGGTTATACAATCGGACT
24,CATAAATCTAGATAAATGTGGATC
24,TGACATAGTAAAACCTTCACCTGC
24,TGCGGCTGGAGCCGACGCCAAGCT
24,CGAAGCAATTTTCGACGATGAGCT
24,AAAAGAGGCGACTGCTGCACTGTC
24,CTAGAGGACGAGACCCCAGGCGCC
24,ACACGATTGAGGCGCTTGGACATC
24,AAGACATTAGGACGAAAGGATTTT
24,TTCTTATATTTCATTTTTTTCAGC
24,TCATTCGAACCTGATACGATCGTT
24,TGATTGGACGAGTAGAATGACTGG
24,ACAATTGCAACGCACTCCGCTGCC
24,TCTGAGCCGGTTGTTCAACGCACT
24,ATTGTTCACCGAGCAAGTACACTC
24,AATCGGTGACTTAGCAAAAGCAGC
24,AAACCAAGAAGAACACGGAAGAGC
24,TTGGTGGATTTAGTCTACATGGAC
24,GTAGGCTGATTTGTAATTTCAAAT
24,AAGTAACTCCGAAACGCCAACAAC
24,AATACGGTTAATGAATATAAAATA
24,TTACCAAGGATGTTTTCATTAATC
24,TCTAGCTCAGAATACACACATGCA
24,TGGACTTTTCGTCTAGAAACGGAA
24,AACCTGTCGGTCTGTCCGTCCGTC
24,TACGGTTCCACGATTGTGTTCATC
24,CAGTCGTTGAAACTGCACGTGAGC
24,TAGGACCTTCGCGCCAGCATCAGG
24,TTTGTCATAGTTACACTGACCATC
24,AACCAGACCGTGCCATCACTCGCC
24,GGTTGATGAAAGTCTGCAACAGCT
24,TGGATTGCAGTGAACTTTCGTGTC
24,TCACAAGAGAAAATTGACAGGACC
24,CCGCCAAGCTACCATCTGTAGGAT
24,ACAGCAGCGGTGGTTTTACGGAAC
24,TGAGACCGCATAATCTGAAATACC
24,TCCGCATGCTCAACGAGCAGCTCT
24,GCTTCGAACGCGGAGAACTCGGCT
24,ACAATGCCACGCTGGCTGGAGCGT
24,TCATTCGGTGGACTTCCACGCTCT
24,CGACTCATCACATCCTGGAGCTGA
24,ACAAATGATATAAGTCGTTGGCAC
24,ATGTAGACTTCAAGACACACCCCT
24,AAGGACTACGGTCGTGAACTGGCA
24,GTATGATCGTCAAGCGTTACGACA
24,TGCACTGACGGATCACTCATGACA
24,TTCCTTAGTGCGTTGAACAACCGG
24,AAGCTCGTAGTTGGATTTCTGTTT
24,GTAGCATCTGTGTGGCCTCGCGGT
24,TCACGTTCGAGCTGGTCATCCGCG
24,AAGACGTTGTGAACGGTAGCGCCC
24,TTCGATGGTATCTCCACTGTCGGA
24,CGTAGTTGGATTTCTGTTTTGGAT
24,TACGACTGTGCGTGGCTCAGTGCT
24,AACGTGTTTTTGAGTGGGCCTGTG
24,TATGGAGAGTCAACCGGACCAGGC
24,AACCCACAGCCAAGGGAACGGGCT
24,GACTTCTTTGAGCGTTAAGCTGCT
24,TAATTGAGAAGAAGCTGGAAGAGA
24,TATCCAAGATCAAGTGTAGATTGT
24,TGCAGTAATTGGTTTTGCAGGACT
24,ACGAAGGGCATATGCATGAAGAGC
24,CGCCTAGTAGATCGTAGAAAGTTA
24,TCACAGAGATGTTTCCCTCGGATT
24,CCTTGGAAACGGATTATCCGGCGA
24,AGAAGGACAGGGACGCCACGCGAC
24,AGAATGGATGGCTGTTGACGGACT
24,AGCAACTTTCAGCAGTGGATGTCT
24,TTTCTTCGTCTATACTGGAGGAAG
24,CTGCCCTATCAGCTTTGGATGGTA
24,TGTACAGCTGTTTGATTCCGGAGC
24,CAGTCGACTACAGCTTGTAGTATC
24,TTCCGACGACGCCTGTTGAACGGA
24,TTTCCTTGGGTTGCAGCTTCGATC
24,TTCAAGCGACTCGGAGTCCAGGGC
24,TTGGATACCCGTAGTAATTCTAGA
24,AGGGCAAGGAGCTTGAGTTCTACC
24,TCTGCGAAACTGGCATAATTCCTC
24,TTAGGTGGTGGAGGCTTTTCCTCC
24,CGCTGACACTCTGCGCGTGGAAGT
24,TAACTAACTTTGGGCATTTGACGC
24,TATCAAGGATATCCTTTCGGAAAA
24,CCGATTGAATGACTCGGTGAAAAA
24,TCGTGTTCGTCATGTGTGGTGCCC
24,TAGACTACCTACTCGTATTGTAGC
25,ATATGTCGGGAGTGAAGGTTGCATC
25,TCGATCGACTCCAGTGTTAATTTGC
25,TTCCAAAACTGTCTTGTTCACGAAC
25,CGAATGATCATAAGATGTACCCGCC
25,ACAGATTCGGCGTGATGCAGTCTCA
25,AGACCGGAACTGCTGCTCTAATGCC
25,CATTGGGACGACAGGAATTTCTATC
25,TGAAATTCTTGGATCGCTGAAAGAT
25,AGGATTGATGGACAATGCTAGCTCT
25,TCGAGGAGGGTTGGGCTTGGTCATA
25,TCGAGTCTGCGGCGCTTACGGCTGT
25,TATGAACGGAGTAGACGCTTGCTCT
25,TTCTACGAACCGAGGGTTCGGACGA
25,TCGGGGTCGCCTTCCTCGTCGGGGT
25,TCGGGACCTGCCGCAGTCGTACGGA
25,TGAAGTCCTTGTCGATCAACACGCA
25,TTGGAACGAGTGAAGCTGGACCGCT
25,AGACTAATCGAACCATCTAGTAGCT
25,TACTTTCGTCGAACGTGGATCGAGA
25,TTCGTCAAACGCCATTATTGGAGGT
25,TCCTCTCGGCAGCAGAACTGGGACT
25,AAAACAGCACCCGTCCAATGGCCTG
25,TGAACGAGCTTAGCCGAAACAAACT
25,TGACGGTACCTGCCCTACGGGAGCT
25,ACAGCCGCTTGATCGCTTGATCGCT
25,AATTGAGATTGAAACTTTTAACGAT
25,AGTGGGCCTGTGTCTCTGTGTGCGC
25,TACATCACGTGACCGAGGACTCGTC
25,GGATGCGGAAAAAATATCGACTGCT
25,TTTTCGACACGCTGAAACGGTCGGA
25,CCATTTAGAGGAAGGTGAAGTCGTA
25,TCAGTGACATATGGACCGTATCCAA
25,CTCCCGTTCATCCCTGAGTTGCTCG
25,TAAGAGCATGGCCTTGACGGACGCA
25,TCCTGGCGTGTCGTACTGGTAACGA
25,TACGAGCTACCAAGAGAAGAAGAAC
25,ACACGAACGACATAGTCCTAGACCC
25,TCTCGGGCTTCTTACGACAGGTCGT
25,TCGATTGGCTTGGTCACGATGCATG
25,TACCGTAACACTGAGCTCCGTGGCT
25,TAGCACGGAGAAACGTTAGCACCTC
25,TTGCAAAATCGTCACATGTTGCCCT
25,TGTGTGAGAAAAGAAACATGGAAGC
25,TTATGGTTTTCTTTTTAGTTATGCC
25,ATTGAGACGCTGAAAAGCGTCGGAC
25,CGACTGTAGTCAGCTTGTGTACTAC
25,TTGAAACACGATACCAGGGTAGAAC
25,TGTGGACATCCTTTCGTCGCTCAGC
25,TACCCGAAGGTGTACAAAGCTGACA
25,AAACAAGTCATGGCTGAGCTTTAAC
25,AACTGGAGAACGTTCTGTTGAAGTC
25,TCATCAAGTTTTGAGATCTCTTCAC
25,TCAGAACCCAAGCGCGCCTGACGTT
25,AAGGTGACAGAAGCTCATGAAACCT
25,TTAGGACCAAGACACACATGTTGCG
25,TTGGATCGCCAAGATCGCGTGAAAT
25,GAACTGAGAGTCGTTCATATGGAAG
25,AACCGATCACCGCACGTGTAGAAGA
25,TCCGGCGTAAACTCTTAATTGTGTA
25,TCATTTCGGAGCAGACGAGGACGGT
25,TCCAGAACGACGAGTGGCGCCCCGG
25,GATACGGGTTTTTCCGGATACCCCT
25,TAAATCCGATTACGTCCTGTTGCTC
25,ATGCGTTCCCAAAGTCGGCTTCGTA
25,CCCCGAATCCTCTAATCATTCGCTT
25,TCGAATAGTTTTAACTTTGAATTAT
25,TTGAAAGGGATGACATGAAAATCTA
25,ACGGCGTATGGGAATAATGAAGAGA
25,GCCGGGTGCTGCTGGAGGTGCCCCC
25,TACCAGAACTCGAGCAAAGACGGGA
25,TGTAAACAACAACGCAGCGACAACG
25,AGCGATGAACGCACTGGGTATCCGC
25,TATTAAATGCGGCGCTCACAGAACC
25,AGACTTGTTAGCACTTAAAAGCACC
25,TAAGTATGGAGAGCAAAACAAATGC
25,TAAGCGAACGCACAAGCGACGAACC
25,ATGACAAAGCCCGTGTTCAGACCCT
25,TTGGACATTGGGTATTTTTGCCTTT
25,TCATCGGATGACAGGCTCCTCCCGA
25,TAGGACTCCACAAGCAATATCGCTG
25,TCCTGTCGTCCCAATGTGTCTGGCT
25,TTCTTCGGGTCCGTCACTATTTGAC
25,ACGCCGTGAAATGTAGAGCTCCACC
25,ACACTTCATCAGGAGATCACGATGC
25,TCAGCGGAAGAATTTCAAGGCATCA
25,AGTGGCGAGAATACCGACTAGCGAA
25,TCGACCCCGAGACTGGCGGCATTGT
25,TACAAGGACACCTCGCAATGGAAGC
25,AAAGTATCCTTGTAGAATCGAGGGT
25,TCATTTTAGCGTGGATCAGAGAGCT
25,TCACCTTGGTCTGCAGTACGTCGGC
25,GCCACTTCTTAAAAGCAACACTGTC
25,TCGCACTTCCGACGTTGTCGGGTTG
25,TATAAGTGGCTGCGTCTCAGTAACT
25,TCACACCACTGCACGACGAACCGCA
25,TCTGGAGGCAGCAATCTTGGCTGTA
25,TTTGAAGAAGGCCTGTTGGATTGCA
25,TGAAACGAACCCTTGGCGCTTGGCC
25,AAGATGACTAGAAACATGCAGGATA
25,AACAGGTTGTACCGCAGCGAGGACA
25,ACCATTAAAAGGTTTTGTTGTTTTA
25,CCCGGGTTCGATTCCCGGACGGCGC
25,TACGGCCGTAAGAGCAAGCTCGGTT
25,ACGGACCGGTCTATATATTGTGACG
25,TCCGATATGGCTGAGATCCGTACCC
25,TTAGACAGCAGGACGGTGGCCATGG
25,ACACTAGAAGCCTGGATTGATCGAA
25,TGAACCCCTGCTCTTCGTCGCGCGA
25,TTTATTGGACTACTTGTCGCGAGAA
25,TACCCTGCTGTTTGTCTAAACTCGT
25,TCTTGATACGACTTGTACATGGACC
25,TGAAACGCTAAACAACGTTCTGGCT
25,TATGTGCGTCTGGACTCCAAGAAGT
25,AGTTGCAGAATGTTTCGTCCAGAAA
25,TAACAAACTGGCCCCTTGTCGGAGG
25,TCGAAGAATTCGAATTGGGCAATCC
25,TCCATCCGTACAATACTTGCTTCCG
25,TCTGCTGACGATGATCTGCCCGATA
25,TTAAACACTGGGCTTCTGATCGGGA
25,AGCGGAAATGGCGGTTTGGACCGTC
25,TGAGTACGACGTCGTTCGTGGACCC
25,CCGCGTCACTTTATTGGAATGGACA
25,TAGATGTCCGAATTGATAGAATATT
25,CGAGCTAAAACTCGTGAGATTGCCT
25,TGCAAGCTGACCGTCCATTTCTGCT
25,TATTCGCCGCGAACGTCGTGGAGCT
25,ACTATCAGCATAATATAAGGGCAAG
25,TTGTCTGCAGCACCAATGCCCGGAA
25,GTTTCGGCCGGCGGTTCGGACGACT
25,AGTCTACGAGAAGAACCCTGACATC
25,TTTATTTTCCTTGTTGGCTGCGGCA
25,AAAGAGCTCGGTCAAGGCAGAGCCT
25,TTTTGGCTGAGAGCTCGACGAGAAG
25,AATTTCTATCGCCAAAAACTCAAAC
25,TGGCGGTTGACGACATGATTGTGTA
25,TTTGTGACGTAGCCGAGATCCGATG
25,TTCCACACCACGCTGTGCAGCCCTG
25,ATTAGAAGAAACCGTTTATTCCAGT
25,AATTAGGACAGCCTCTCTGTGGCCC
25,CCGTTTTTCCACGTTGTCGAACGCC
25,GAGCAGCCTCTCGACGACGTCCGGC
25,TGTCACGGTAATCTCTAATATTCTG
25,TGCGTACTGGGAGCTGCTAGAGCAG
25,TAGGCGAACTCCAGTTCAATGAGAA
25,TTCGATAATGCTGATGACGGCGTTG
25,TTTTCTTGCATCACGGCTCGTGACT
25,TACCAAACCTGAAGAAGACAACGCG
25,ACCACGTTGGAAAAGTTAAGCCACC
25,CCGTGTCCAATTTCTTACCTCTTGG
25,TTCACAAGTGCTGTAGCTGAAGCTA
25,TCATGAGAGTTCGGTGCGACAAACT
25,TACTTTGGACGGATGATAAGCTCAT
25,AGCACCGGCGAAGATGTCGTCGGGC
25,TTGGACGAGAACGTACTGGAAGACA
25,TCACTACCCGATCCGCCGTCACTGT
25,AGAATGAGAGTTTGTGACGAACACC
25,AACACCCCTGTATTGATCGGCGCGT
25,TTAACTCGATAGACTGTTTACACTG
25,ATACGAGGTGTTAGATTGTGCCGCT
25,TCGGAGATCGTCAGCTAATATTGGA
25,ATGGGTATCTGACGCGTACAAGACC
25,AACTGACCATCTACGGTACGAACCC
25,TACGGAAAGCTCGATGAGAAGGGTT
25,AGAATGTCGGCTCTTTTTGCTCGGC
25,TCACATCGATATCATCTACAAGGCG
25,AAGAGTTGGTACAGGCAGCTGCCGA
25,TCGAGCTTATGGATCCGGGGCCTAG
25,TCGGAGTATGCAGTGAGATAATGCT
25,ACACGAAGACGTGGACTTGAGATGC
25,TATCCAGATACCGTTGTGCTTTCGC
25,TACCGGAACTGATGAGAAAGGGTCA
25,AACCGTGTCTGTTTGCATTAACTTT
25,TTTAAATCTGTAAGACCTGCAGGTT
25,TGACGCCGGAGGTTCGGTAGACACT
25,GTAGAGCAAAAAATCCTGTAGCTAC
25,TACTTGAACTCCATCACTGTACGTC
25,AAGCGAGTCCTCCGCGAAATGGATT
25,AAGGCGATGGGTCCTGACTGGTACC
25,AAGAGGACCTCCGGAACCGCAGAGC
25,TACTTGGCCTCTGCATCATGCACCC
25,TTGGAGGATCGACTCTGGCTGCACT
25,ATTTTGCCACCGTGATCGACAGATA
25,AGTTGACGGAACCAATGAATGGCTC
25,TAAAGAGTACCTGAAACTGCTGAAA
25,TTACGAAGGCCAAAGCAATTACACT
25,AGGGTTGTGAATTCCGTTTGAAGGC
25,TGACGAAGATCGGACTCGAGCGCCT
25,TGACGACTAGAACCACTGTCTAGGA
25,TTGATACGGCATTTGGAACTCAACC
25,TCCAAATGTTGTCGATGAAGAGACG
25,TACGTGGAAGACATCGTCAGGTGGG
25,CGTGATCAGTGTGGGCGCTTGGGGC
25,TTGGCGTAGCTTTGGAGGATGAATG
25,TTTCACAATCTCCAGTGTCCAAGGC
25,TTTTTCGGTAGGCCGAAGGGGACCT
25,TGCCGACATGTAGCTTCACTCTGGT
25,TTCCCCGAGGTGATTCAAATGGACT
25,GCGAAGAAGACGGTAGTAGTTTGTC
25,TTGGCACTAAATGGACGTATGCAGC
25,TCCGTTGTACGCATTCTTGACGTCA
25,AGCTATGTCGTCGCCTTGGTAGTCC
25,TCCGATTCAGCGTCCAAGTCGGATG
25,TGCACTCTCGACCGTAGACACGATC
25,TCATTTCGCTAAGACTGTACGCGTC
25,AATTGCGAATCTAGTGTTGGTAGCG
25,ACGCGACGACCAACCCGTTATTGAC
25,TCTGACCAAACCTCTTGGCGCTACG
25,ATTCAGATGGATTGCAACGCTGAAT
25,TCACGGACGCCGCATTGACATTCAA
25,AAGGAATGACACTGAAAAGAAGGAC
25,TACTACTTCGAGGATAATCGACTGT
25,GCAAAATTCCAGTGTCCCCATCACC
25,ACGAGAACTGCGGCTGTAACGGGGT
25,TTAGTTTACTCGGCAGATTACTACC
25,CAGAATTGCCCAACTCAGACAGAAT
25,TTTATGTGTCGGGGCAATATCAACT
25,TCGTACAATGAACAAGCGTAGTGCC
25,TACAACAGTCTTTGCTCGAACGAAA
25,GTCCAGGATCGTAAATTGTACTGCA
25,GGCTTCGGTCTGCGGTGTGGCACTA
25,AAGTGAACACGCTGGTTCGTCCAAC
25,AGAGGAAATTATAGTGGTAGACACT
25,TTGTTCTTGGTCGGAGAGGTAGAAA
25,CATCAGCTTGCATTGATTACGTCCC
25,TAAATCGAGAATGTAGAAGATGAGG
25,TCGGTAAGCAAGAAGCTCCAGGAGG
25,TTGGAGGATCGAACTCACATATGTG
25,TCTTAGCTGAAACGTCTTGAGCAGA
25,GGAGGATTTCGTCGGAATAACTGTC
25,TCCTGGACTCAGCTGTGCGAACAGC
25,TAATGCAGTCATCGGCGGCAAAGCA
25,TATTTGCCGTGATCCTGTACCGAAA
25,TATCAACTCGCCTCCGATCAAGCTG
25,TATTACGCTGCAGACCTATGCGTGA
25,TGCCAAATGTCGCGATTGAGGGGCT
25,GCTTGACGCTAGCGGCAGCGACGAC
25,TTAAAGGCTTCGTCGCGTTTGACGT
25,TCGTTCGACGTGTAGGCTTGCGAGC
25,TAAACGAATGTAGCACTCAAAGAAG
25,AAAAATTAGAGTGTTTAAAGCAGGC
25,TACGCGAGTAGGTTGATATCCTCTG
25,TATAGTCTAGACCGTAGTTGGCATG
25,TTGGGGCTAAACCCGTCTGATCGCC
25,AATGAATGAAGAGATCGCATCGACA
25,TATTTCTTCCAGCCGAGTGTTGAAC
25,TACGAAGATATATGGCTGTAGGCAG
25,TGTTTGGATCTCTGGGGTCGCCAAG
25,ATTTGCAACCTCGACAGGCTCCACT
25,ACCGTACATCGATTGAGAGCTCGAT
25,TCGGAACGACTGCGAGCGCTGCTCA
25,TGGTTGTGTGTGGATTGATGTGGGT
25,TGAACTACTTCACCATTTAATTCTA
25,CAAGACATCCTGTACAGGTCATGCT
25,TATCGGGACAATTAGCGTAGTCTGA
25,AATAATCAGCGGGGAAAGAAGACCC
25,CATTTAGGATTAACTTTTAAAACCT
25,TGAGCTTTCGGACATCGTTGCCGTT
25,TCGACTGTGCTACGTCCTGAACATC
25,CGAAGATATCAACACGACAATAGAC
25,TGTGGCTGTCGTCTGAATTCCAGAT
25,TGTGTACCCGTCGGTAGGGCTGGAT
25,TTTCGACTTTATTGGACGTCGGAGG
25,TCCGGAGGTGCGCGACAATCTTTCT
25,TCGGAGAGTTTCTTTTGACGCAGAA
25,CTTTTGGAGGTTTCTGTTAGGCATG
25,CAATTGGAATGAGAACAATTTAAAT
25,AAATCAGATCCACTGTCGGGACAGT
25,TATGTTCTAGGGAAAGTTCGTCAGC
25,AATGAAATCGTCTTGCCCTGTCCGA
25,AGACCTCGAAGAAACCTGGAAGAAC
25,AATTCGACGAGTTGAAACAAGTACT
25,CGCGCTCAGGAGATGATTTATCGGC
25,TTTGGTCGAAAGAGCAAAAAGAGCT
25,TCATACCCGCATCTGAACGGTGAGA
25,TTTCGCGGAGTTGGATATGAAGGCT
25,TACAGCACAGTGGCTGGAGCCAAGT
25,GCACTTGATCAACACCTTCAATACT
25,TGAACTCAATCCGTGTAGTCTTGGC
25,GGAGACTGGCAAGGTCGTGGACCAC
25,TAATACTGTTAAGCTTAAGATCGTC
25,AGTTGTTTCTCTTTGCGAAGAGACG
25,TTTAGACTTCGAGCACCCCCGGTCC
25,AAGCAGCTGAAGGAGCTTGTGGACT
25,TTGGGACTGAGGTGCCTACAACGTG
25,TTGCTGTCACTAATGTGGAACAACC
25,TTTGGCAGATGAACATATATCGTGA
25,TTGGTCTATGATCGAAGATGGGGCA
25,CAGAAATCTCATGTAGAACAAAAGG
25,TCTTGTTGTCCTTCCAGTTAAGCTT
25,ACAAAATCAGGTGATCTTATTGGCT
25,TGTGGCATTCTGACATTTTGCTATA
25,TGTCATCCTCATGAGCGCGATCGAC
25,AATGCTTGCCACTCTGTCCACTCCC
25,TTACTGTACCTACGTTTATGATGTA
25,AGAAACGAACCTGAAACCAGAAACA
25,TTCAAGTAGTTCTAACTGGACCATT
25,TGTAGTAGTTGGGCTTGGTGAGACT
25,TACGCTGCAATGCAAAAGTCGGCAG
25,TCTGGTGTTTCGCACCCCGCTCGGT
25,TACCCGCGATGGTGTTGGATTGACT
25,TTGGGACGGTCCATTACTCACACCT
25,TCCAGAAATCTACCGGAGAGGAATT
25,TACACCTGGAGATGAGTACTGCTGA
25,TACAGTCCACCAGCAAGAGCTCCGG
25,TACACCGTGATGAAAAATGGACAAG
25,TAACTGGGGTGCATCTCTGATTACT
25,TCTGATAACGATGCCGTGGCTGAGA
25,TACGGACGAGGAAGTGTGTATGAGC
25,TGCGACTTAGAAGACTCCGAGCTGG
25,TTCCAAGGACGAACACACACTTGCC
25,TACTAAGTGGAATCTCTCAATCAGT
25,CGATAAAGTTCGAAGGTTGGTTCGC
25,AACATACGATTTTGCATTTGGAATG
25,AAGTTGAGTCTTGTAGCGCCAAACT
25,TCACCGCATGCATCTGACTGGCACA
25,TCTTGCAATAGGAACAGCGCACGCT
25,AAATGATAAGCATGGAGATTGTTGC
25,TGAACTGATCTGATGCTGTATGCAT
25,TGGCACGATCATGACTAACCGGCTT
25,AAAGGGGGTAGGAGAACCGTGGGAA
25,TTCTAACCTGCTGACCCACTACGCC
25,AACGAGTAACCGGTGTGAGCGGCTC
25,AAAGAACGACGAGATTAAAGGCTAC
25,TTCAAAGCGGACTAACGAGCAAAGT
25,ACAGAACAACAACGTTGGCACGCTC
25,TACTTAGACGACGAAATTACCCAGG
25,TTAGTGGACGACTTGGAAGTAGAGT
25,TCCGAATAGCAGAAGCTCTCGCTCT
25,TGCATGCAAATCAGAAGAAAACTGC
25,AAATGAAATTTGCCGTTGTAAAAGT
25,TTTTTTGGCGCTGGCAAATTGATTG
25,TAAACATTTTGTCAGGCCAAGTACA
25,TTTATGGACAATGTAGTGAAATTTG
25,TAACCTCTTCGGCAAATTCTCAACC
25,TGCTGGCTGAAAGTACGGAGGCATC
25,TACTACTAAGAGCGGTGCTAAGACA
25,TATTTTGATCGACAACCTTGAACCG
25,TTGGATGAATGCGTCGATACCTTGA
25,TACTTGGCGCAGCTCATCGGTCATG
25,TATATGTGATCCATCAATACAGCCC
25,TGATAACGACGACCCAAGAGCGACC
25,AAATTGGAATTGAGTCAAGGAGATT
25,TATAGATCCCTGAGCGTTTTTGACT
25,TAGCAACGAAGCACGGACACTGGCT
25,ACTCGATTGTGTAACTTACATCAAT
25,GCTGCGCTCTGAAACACCTAAAACA
25,TCTACGAGGAAACCAAGCGCGCACC
25,GTTTTGGATGTCCGGTCCGCTCCCT
25,ATCCTGGAGGAACGTGAACAAGTGA
25,ATTCTAAAGGGATGATCGTATCCCC
25,TAAAAGAGCCTTCGGATTCCTTCTA
25,TGACGGTTTTCACGCTGATTGCGGC
25,ACGAGGAATTCCTAGTAAACGCAAG
25,CTGCCGTCTGTGAAATACCACTACT
25,TATATGTGGCGATTGGAGATCAAGT
25,TAGTCATACGCTTGTCTCAAAGATT
25,AATTTCCCGATAATACGAGATCATC
25,AAGAAGCGTGACGAGAACGACCGGG
25,TCTGTTCTGGGCTCGGTCGTATTCC
25,TATACGACTTGCACTTTGCGCGAGA
25,TACTCTTGGTCAAGCGGACGCTAAT
25,AAAAAACGACTCGTCATTACGGATC
25,TACCAAGCCCGTAATCGGCACTTTG
25,TTCTGTTTTGGATGTTCGGTCCGCT
25,GGATAACCATCTGTTTTGTAGCTCT
25,TACGAGCTCCGATAAGGTTGGGAAT
25,CCGCATGTTCTCCAATCTTCTCTCT
25,TAACACGATGGTATGGACGGTTACC
25,TCCGCGAAGTGGAGCTCGCGATGGA
25,TGAGAAAGCACTTCACCACAGATAC
25,TTGATGGTATCTTCGGCCATTGACA
25,TACTTCATGAAGGCCAAATCGGAAG
25,TCGGACTGCGTCCTCGGACGGCATC
25,TTCCCACTTGTTGAAATCCTGGATT
25,TGATATTCTCGAACACTCTGGGTTT
25,TTCGTAGAGCGTCCATTTTTTTAAA
25,AATAGGAGATCTGGCGAAGAGCACA
25,TCACCAAGAATGCCTCGCCGACTAG
25,TAGGGTTGCAGGAAATTAGCTGACC
25,TCTGCAGCGTCTTGAAACCCAAGAA
25,TAGCCTTAACGGCCGGACTCTCAGT
25,CTGAACAGGAACTTCAACTTGCAGC
25,CCAGAGGATCGGATAAACTTGTCGT
25,TAGGGGGTCGGAGCTCTGCTCAGTA
25,ACGTTTGTAACAGACTGACGGCCCT
25,TCCTGAGTCGGTTAATCCTCCGAGT
25,TATGGAGAATAAATGAATGGCTCAG
25,TCATCACAAGCACTTTGAGCCTTTG
25,ATTGGCTCTGAGGGTTGGGCCTAGG
25,TTGCTTTGTTCGTCGTGTCACAACA
25,TAAACGGTTGCAGAATTCGGAAACC
25,GACTTCTCTCCGCTTCTTAACTTCC
25,TGTACTGGAAGTAGGAAACTTGCAC
25,ACATGATACGTGGGAGCCCCGCGCC
25,TCCGAACTACTAAATGGGGACCCTT
25,TTTTTATACTTGATTAGGACTTCTT
25,TTTTGTCCAAACGCGTAGAGGGTTT
25,TATTCGCTTAGGATACGGAACCATC
25,ACTCGCAGTCGATTGTTCCAAAGAT
25,AACCTGAAGGCCGACCTGGTAGTCT
25,TGAACACGATGTCCATTTCATCGAT
25,AAGGGCAGGACTGGCTTCTTGTGGC
25,GACCAATCGGTTTTTGTGACGGAGT
25,TCCACTTCGACCGTTAACATGCCTC
25,TCATGTCTTTTTCGTTCGAAGAACT
25,TCCGGAGACCGTGGTATCGTCGCTC
25,AAGACAAACTGAAAGATACACCCGA
25,TTGAGAACAGAACCTGGAGATTGGT
25,ATGCACAATCTAGTCCATGTAGACG
25,CTTTCCCGATGTGCCGCGAATAGCG
25,TACGAGCTACGAAATGGACACCAGT
25,AGTGATGAGGAAAACGACGAAGGAT
25,ATTTACAGTACTGGGTCTGGAAGCT
25,TTGAGCTCGACGGAATCAGCGATTC
25,TACTCGTCTAGCTGCCTATTGTTAA
25,TTTGGCCTCGGACGATCTCCCTAAT
25,AACTCGTTAGAGGACCGACTAGATC
25,TTTCTTGGATGAGAGAAGTCTGAAG
25,TCACTCGGTGGCGCTCTAACGAGTC
25,ACGTTAAACTGTATGGAACCAGCCG
25,TTTCTTCGTCAGGCCTGGTTTGACA
25,ACATGGAACGCCTGACAGGCATGTT
25,TACACACCGCCCGTCGCACCTACCG
25,TTCTGTTATTGTAGCAGCTACTGCT
25,AAGACTGACATGCGACTCGGTGGAA
25,TCGATTGTAGGCAAACTCTGCCATA
25,TCTCGGAATGAATATCTCAAACGCC
25,CACGATTCAAACATGACGTAAAACC
25,TCATCAACATGAACAAGGCACGCGA
25,CATGGAAGTCGGAATCCGCTAAGGA
25,TCTACTGTAAAATTATGGAGGGAGA
25,TCTGAATACACGACACGGTCGGGTA
25,TAGCACTTGTAGTCAATCCACGCCA
25,AGGTGGTTGATGAGATTTGTGTAGC
25,AATGGTTCGGCGTCGACATCACCAC
25,TGGGGGTCGGGGAAAACTAAGCGTA
25,TCTGTCTGATTGAACTTCGGTTTGT
25,GAAATGGATGGTCACATGTATGTCG
25,TGCGATGCGCAGTGTCGTTGGTGAT
25,CAGGCAACTCAAACTCAAACTCAGC
25,AGTGGATGTCTAGGCTCGCACATCG
25,TCGCGCTCTCCTACAAGAAGACAGC
25,TATCTGTAGTCCCAAGCACTAACGA
25,TCGACTGTTTGTGCTTAGTCAGACC
25,TGTGGACAAGCGCGCAAGCAAGCGT
25,TTCGAGATATGGGTCATGGCGCATA
25,TCCACAATGAAGGAGTGCTTGGAGT
25,TAAACCGGTCTCGCCATCGAAGATG
25,TACCGGGTTGTTCGCTGTGGCGTAT
25,TCTGCGATCGTAAGCTATAATGGCC
25,ATGAACATCGAGAGACCGCATGACT
25,AACATAAGTCGCAAGTCCTGTGAGC
25,CGTTAGACACTTTGGACATACGGGG
25,TACATCGACTCAAGACCCATACGCC
25,CGATAGCAGCACTGCGAACTGGACC
25,TTGAGGACCGAGAAACTGATGGAAG
25,TATGGCCTGTGTCCAGTTAGTGACC
25,TACGGGCCTGTTTACTAGCATGAAC
25,GTGTTGAGATTGAAAGGAAGGCATA
25,TGTACACTCTTGAATAGTCCTCTCC
25,TCGGATGCAGGAAAGAAAACTTTGC
25,TGGACTTTTTCGTTGGAGAGGCTGT
25,TTTTCAACAAGTATCGGATACGGCC
25,TCTTGGTCATGGTACGGCCGTAGTC
25,ATTTCCTTGAGATACTTGATCACGT
25,TCACGCGAGCGTTGCTGTAGACATA
25,TCATCAGACCTCTGCTACGTCCAGA
25,GCGCACGGACGAGCTAGAGCGTCGC
25,TAGTAGCACTCGGACGAATTGATCA
25,AACGGTAACCCAATCTTCAGACTGC
25,TCTCAAGGTGTCCAGCGACAGCACT
25,TGAACACTTAATGCACTCAACGAGA
25,TAGCTGACAGGATTCTGGATAACCC
25,TAGTACTATCCGTTGTTTTGGGTCC
25,TCTCCAATATCAGCCCTTGAACTTG
25,TCCTTTATTGTGCTATCGTCCCTTA
25,TCGTCTTCATTAGGATAACTCGGCC
25,GACGGAAACTGGAGCAATCTTTGCC
25,TACACTTCTTTTCCAATGCGGTACC
25,TATGAACCTGTTTTATTCGTCCTGG
25,TCGGACCCGCAGTCGGAGCACTCGT
25,TGTACGTGATGTTCGCTGACTCGTA
25,TGATATAGAAGTTTTAGTATGGACC
25,TTCGAGCTTAAGTCGTCCATGGACT
25,ACAGCAGCAGAAAGTCGAGATTCTG
25,TGCCATGAAAGACTGCACGTCGACG
25,TCGGCGGAGACTTCTTGTTTGACAT
25,AGGAGTGGAAGCTGTGTGAGCCTCC
25,TATCTGTGGTGTAGTAGAACACACA
25,ATAACCATCTGTTTTGTAGCTCTTT
25,TGTGACTGTTGGCTTCTCCTCCAGT
25,AGAAAGCCACTACCAATACCACGGC
25,AGGACATCCGGCTTTTTCACTTGAT
25,TAACAGATCTTCAACGGCAGAAGTA
25,ATTCTGATTGGTCGGTAAACCGAAT
25,TTACGAACAAGAAAGATGGAGGGCC
25,TCCTGGGACTGTGATCACCGTGATC
25,TATGCGACCCACTCGAAACGGTATT
25,AAGAAACAGAAACAGATGAAGTGAC
25,TGAAGAAACCGTGAAGGACTACATC
25,TCAGAACAAGCAAGCGGTCAAAAGC
25,TTCAGCAGTGGATGTCTAGGCTCGC
25,TACACTGCAATGTAATGATCTGAAG
25,ACTTCTTAAGAGCTTATATGGGCTT
25,TAGTTTACCGCTCCCTAACCTTGCA
25,GCAACAAGCAAATGTCAAGATTGGC
25,TTGAGTAACCCGGGACTTACAACTT
25,TAGTAATACTGTCTACACGAATGCC
25,TGAGTCGCAGCTACCGCTATGGATT
25,TAATTGTCAGGCATGTGGCGGCACC
25,TTGGGCACAAATAGAGACTTTTGTC
25,TATCTTGGTGGACGAGTAGTCGCGG
25,AGTATCAAAAAAGCTGACCAAGGCC
25,TCGAAGAGGAACAGAGCGACGACGA
25,TTCCATCAGTCGTGACATTTGGTGA
25,AATGCGAGATATTGACAAGAACCTC
25,GTCTGAAAAGACGATCAGTCCTGCA
25,TCTTTTCTGTGACGTTAGATCAGCC
25,ATTTTCCTTTCGCGAGCCATTCATC
25,TTAGAACTAGATTGCACGAACGGCG
25,TCATGATCACACTCATCTGGCCGGG
25,TGCAAATATGTATGAACGGCACCAA
25,GGAAGACAATCCTGACTTTGTGATG
25,TTTGTCCAGTAACAGCTAATACAAT
25,TCGCTGTTAACGTAACATCGTCGCT
25,TCTAGCTCATTGTCTGATTGACTGC
25,TAGTCGGGGAACCCTTGTTTGGAGA
25,TGTATACTCGTTGAACGCATCAGTG
25,AGAAGAAGTGGAATCTTGACGGACC
25,TACGACGAAATTCTGGGCCAGATCG
25,TAGCTCGGCACAAGGATCTCACGAA
25,ATGAGAACAATTTAAATCCCTTAAC
25,TTCGAGACGTCGAATGCGCAGGAGA
25,AGCACATTAAAACTCGATTGCACGG
25,AAGAATGTGGAAGCAATGGGCCATA
25,TATCCTTTTTTCAAAGTCGTAACTT
25,TATAGCGGATTCGTTAGAAAGGAGA
25,ATGCCTGAGTAGGGTGAAGCCAGGG
25,ACCTTCTTGGCGGCATTTAGAGCTC
25,ACGCTGCCTAGACTCTGAGTACACT
25,AAGGTCGGTCAGCTCCGACGTGAGC
25,TATTTTCGGTATTTCTGCAGCAGCT
25,TCTTACCCACACGGCTCAGGTCAGA
25,TGGCATCATGGCCTCACAACTCGGC
25,TTCACTTTCTCCAACTATGGGCTGT
25,AAACTATCAGATCTGATTAAGGGCC
25,GCCGGAAAATTCATGAATGAGGTCC
25,TCTCGGAGACGAAGACAACTTTCCG
25,TCCAGCTTTGCTTTAGATCGAGATG
25,AGGCAAAAACGCAAGCACTCGTGAC
25,ATAACTGCTGACGAACCACTGCACT
25,TAGCTGCGGACACGGTACCTGCGTC
25,TTCCATGCTGTTGCTTCTAAGTCCG
25,CGTTAAAATCCGGAGCCGTTGTGAT
25,TGTGGAGCGCACAGAGGCAATCGTG
25,AGAGAACTGTTCCATGCCCGGGGAT
25,TCACTTAGCGCAACAAACGCGGACG
25,TCGTCGATCGTTTCAGCAAAATGGT
25,TACGCACGCACACACTCTCTACCGA
25,TTAACGAGACTTGTAGAAGCTGCCC
25,CTGGATCTATGCACACAACCAAACC
25,TCGCGCGATGGAGCTGGTACTCGTA
25,TCCATTTTGGCGACTCAAATAAGAC
25,CACACCGCCCGTCGCACCTACCGAT
25,ACTGGCTTGTGGCAGCCAAGCGTCC
25,TCAAGCGTGACTACATTCTTCGGAC
25,CTCCCCCACAAGACCAGTACCAGCC
25,TAGTAGACCGAACGCCAAACAACGG
25,TCGCGATCTAGAACGTCGTCTAGTA
25,GTCTCGAGCCTGTAAGAAAAGTACC
25,TTCTACTTGAACGGCTTCCGTCACT
25,TGAGCTCACGAACCAGCGCCAGCTG
25,TCTTCCCACACTGCTTCGACGCCTT
25,TTTGTGAGAACAGCAGCCGCGGATT
25,AACTGTGCGGATCGCGCTTTTGCGC
25,TGCACCGGTTGAAGAGTCTTCTGAG
25,TATTTGTCGAGGTCAGGCTTGTTGC
25,TTGAGTAGCCAATGCTGGTAGAGCT
25,TCCGTTCGGCGGATTTGAGCTGCCT
25,ACGCACCGCAACGACAGATTGGGAT
25,CACTGCAATAGTATGCTCGATCGCC
25,TACTGGATCCTCCTTGTTGTGTTGG
25,TAAATGCCAGTCGGAAAGGATCTAC
25,AATCGACCGTAACGAAAGCAGTTTT
25,TTGATACGGTCATTATAGTATGAAC
25,TGCATGTATTAGCTCTAGAATTACT
25,TTGCGAGATAGAGAAGTCGGAGTCG
25,TCCAAATGTAGTTGCTTCAGGAACT
25,TATTGGCAGTGTACCTGAAGCCACG
25,TCCATGGATCTGCTGACAGGGGAGT
25,AATGCTGTCAGTAGTCCGCTTCACC
25,TAATCTCGACGTAGTCCCTTTCACC
25,ATTCGGATTAAGAGGCGGTAATGCT
25,TCGCTTTCATCTCATGTTTTTCTTC
25,AATGCGAACGGCGAGAGCTCCGAGT
25,TATAACCTAACTTGGCCACAGTATC
25,TACCTTCGTATTTACATCGTCGAGG
25,AAACCAACTCGGCGTGAGCTGCTCT
25,TCGGCTAAGTCGATACCGTCACACT
25,TCACTCGCATTTTTGGGCAATCGTC
25,TTCAATCTGAGCGTCCAACGCACGG
25,TACGAGGACCCTCGCCTTAAGACCC
25,TCGAATACAGTTTCTCAGTCTGAAC
25,TTGCTCGGCTTTAGATAAGTGAAGT
25,TACTGTACCGTTTTTGCGTTGGACC
25,TATTACGTAGACTGGATTGGTTCCA
25,ACTGAACCTGAGGACAAAATGAATC
25,AGGTAAATCAGCTGTTTCTGCCGCT
25,TAGTACGGCTTTTCAACCAGACAGC
