sequence,label
TGCACTGGTCCGACCGGGTC,0
GTGCAGATCTTGGTGGTAGTA,0
GGCATGCCTGTTCGAGCGTC,0
GGCAGACTTCGGTCGTCCGGC,0
TTTACCCTACTGATGACCGTC,0
CCTACTGATGACCGTCGCCGC,0
ATACACAAGCTTCAGATCGGT,0
TCAAGCCGATGGAAGTTTGA,0
ACATACGACCATAGACTGA,0
GGGTCCGGTGCGCTCTCGACGT,0
AGCGTTGGATTGTTCACC,0
AAGTAGAGTGATCGAAAGAT,0
GTTCGATTCCCGGATTCGGA,0
TTTACCCTACTGATGACCGTCGC,0
AAGGGGAATCTGACTGTC,0
GGCGTAATGGTTGTAAGC,0
GTGAGGCTTTCGGACTGCCT,0
AGACTTCGGTCGTCCGGCGT,0
TTTACCCTACTGATGACCGT,0
CGACACGGGGAGGTAGTGA,0
TACACAAGCTTCAGATCGGT,0
CGGGTCCGGTGCGCTCTCGACGT,0
TAGCCAAATGCCTCGTCATCTA,0
GGAAACTCTGGTGGAGGCTC,0
CCTTCACTGGGTGTGTCGGGGA,0
CAAGTAGAGTGATCGAAAGA,0
CCCTACTGATGACCGTCGCCGC,0
AATAAGGATTGACAGATT,0
AGAGTGATCGAAAGATGA,0
GTGCACTGGTCCGACCGGGT,0
GCGTGCACTGGTCCGACCGG,0
ATTTTGTTGGTTTCTAGGA,0
TTTGACTCGCTCGGCACCT,0
CTACTGATGACCGTCGCCGC,0
AGATAATTGGTTTTTGCGGC,0
ACTCTGTCGTGCTGGGGA,0
GTAGCCAAATGCCTCGTCATCTA,0
TTTTACCCTACTGATGACCGTC,0
TGGACATGGGTTAGTCGATCC,0
TGACCTCGGATCAGGTAGGGAT,0
GGTTTGTCCGGAGCTAGGGTT,0
AGTGAGGCTTTCGGACTGC,0
AGCCTATCACCCTGAAATCGGT,0
AGATGGTGATCTATACGTGA,0
AAGATGCTTCGGGTGTGGTTCC,0
TTACCCTACTGATGACCGTC,0
GGGCATGCCTGTTCGAGCGTC,0
GAAAGATGGTGATCTATACGTGA,0
AACGGTTGGTAGAGCTCGA,0
GGTCCGGTGCGCTCTCGACGT,0
GCACTAGCCTCACGGCCGGC,0
ATGGGTTAGTCGATCCTAAGA,0
AAGATGGTGATCTATACGTGA,0
TACCGATTGAATGGCTAAGTGA,0
GTTAATATTCCGGTACCTGG,0
CCTACTGATGACCGTCGCCGCA,0
ATCTTAGCTGGCTGGTAACGGT,0
TTTCAAGCCAGGTCGTACTC,0
GTTTCAACGGGTAACGGGGA,0
GCCTACTTGGACTGAGGAC,0
CTAGTGCAGATCTTGGTGGTA,0
CATACACAAGCTTCAGATCGGT,0
TTTTACCCTACTGATGACCGTCGC,0
CCTACTGATGACCGTCGCCG,0
TAATAGGGATAGTCGGGGG,0
GGTTTAACGGTTGGTAGAG,0
GAACGCGAGGTTAAGGTGCCGGA,0
AGTGATCCCGGGTAGAACAGC,0
ACTTAACGAATCGCATGGC,0
GTGATCCCGGGTAGAACAGC,0
CTCAAGCCGATGGAAGTTTGA,0
AGGTAGCCAAATGCCTCGTCA,0
ACAAGTAGAGTGATCGAAAGA,0
TTCATCTAGACAGCAGGACGGTG,0
TTACTTAATTGAACGTGGA,0
GGCCGGATGGTGTAGTTGGTTATCA,0
GGCAGACTTCGGTCGTCCGGCGTA,0
GCCTATCACCCTGAAATCGGTT,0
GAATGAACTAGCCCTGAAAATGGA,0
CTTAACCTGCTAAATAGCCCGGC,0
CTAATAGGGAACGTGAGCTG,0
CCGATTGAATGGCTAAGTGA,0
CCCTTGAAAATCCGCGGGAA,0
TTTAACGGTTGGTAGAGCT,0
TAAGCGTTGGATTGTTCACCC,0
GGGTCCGGTGCGCTCTCGAC,0
GGCAGACTTCGGTCGTCCGGCGT,0
CTCACCGCGTGCACTGGTCCGACC,0
CGCGAGGTTAAGGTGCCGGA,0
ATACACAAGCTTCAGATCGGTGG,0
AGGGATTACCTCAGTAACGGCGA,0
AATTAGGGTTCTATTCCGGA,0
AATGGTAATTCAGCTTAGTACGA,0
AAGTGGTGTTGACGCAATGTGA,0
AAGGTAGCCAAATGCCTCGTCAT,0
TGAGTCCGGGATCGCATTGACT,0
TCTTTGATGGTCTAACGGT,0
TCTTAGTTGGTGGAGTGATT,0
GTTGGGCCATTAGGGGATGCT,0
CTTCGCGGGCTGATCCGGG,0
CCCATACCTCGCCGCCAGGG,0
ATACACAAGCCTCAGATCGGTA,0
AGGGTTGGGTACGTTGGGC,0
ACAAGGGGAATCTGACTGT,0
TTAAGGTAGCCAAATGCCTCGTCAT,0
TTAAGGTAGCCAAATGCCTCGTCA,0
TCTAAGGGTTGGGTACGTTGG,0
TAACCTGCTAAATAGCCCGGC,0
GGTTTCAACGGGTAACGGGGAA,0
GAACCTTGGGCCTGGTTGGCCGGT,0
AGCCTACTTGGACTGAGGA,0
AACCTGCGGAAGGATCATTA,0
TAGTAGCTGGTTCCTGCCGAA,0
GGGTTTAACGGTTGGTAGAG,0
CTTCACTGGGTGTGTCGGGGA,0
AGCTTCAGATCGGTGGAT,0
AGATGTTCTGGGCCGCACGCGC,0
ACGGACCAAGGAGTGTACCT,0
TTTTACCCTACTGATGACCGT,0
TTTGGCAGACTTCGGTCGTCCGGC,0
TTGAATGGCTAAGTGAGGCT,0
TTCAAGCCAGGTCGTACTCAT,0
TCTTGGTTCTGGCATCGATG,0
TCAAGCCGATGGAAGTTTGAGGC,0
TACACAAGCCTCAGATCGGT,0
TAACGGTCCTATTGAAGA,0
GTTTTACCCTACTGATGACCGT,0
GGGCATGCCTGTTCGAGCGT,0
GCATCAGTATTCAATTGTCAGA,0
CTTAGAGGGACTATCGGCT,0
CTCTAGTGCAGATCTTGGTGG,0
CTAGTAGCTGGTTCCTGCCGA,0
CCTACTGATGACCGTCGCCGCAA,0
CCGGTGCGCTCTCGACGTC,0
CCCTACTGATGACCGTCGCCGCAA,0
CAGAATCCATGCCAGAAAGCGGT,0
ATTGGCTCTAAGGGTTGGGT,0
ATCAGTATTCAATTGTCAGAGGT,0
AGACTTCGGTCGTCCGGCGTA,0
ACAGCCTCTAGTGCAGATCTTGGT,0
TGGGTACCCACATAGTTGGACT,0
GTCGGGTCCGGTGCGCTCTCGA,0
GCATCAGTATTCAATTGTCA,0
GCAGACTTCGGTCGTCCGGC,0
CTTAACAGCCTATCACCCTGA,0
CCCTGAAATCGGTTTGTCCGGA,0
CATTGTGAAAAGACATAGGGG,0
CAGTGAACGAAAGTTAGGGG,0
ATCTTAGCTGGCTGGTAACGG,0
ACGCGAGGTTAAGGTGCCGGA,0
ACGACCATAGACTGAGGA,0
ACCCATACCTCGCCGCCAGGG,0
ACAGCAGTTGGACATGGGTTAG,0
AAGGGTTGGGTACGTTGGG,0
AAACTCACCAGGTCCAGA,0
TTGTTACTTAATTGAACGTGG,0
TGGTGTTGACGCAATGTGAT,0
TGGCCAGAGACCGATAGCGCA,0
TGCAACACGAACGTCTCTACAA,0
TCTTCGGGGGGTGTTATAGCT,0
TCCTTCGCGGGCTGATCCGGG,0
TAAAGCGGAACTGGGTGT,0
GGACATGGGTTAGTCGATCC,0
CTTCACTGGGTGTGTCGGGG,0
CGTGAAATTGTTGAAAGG,0
CGGTAAGCGTTGGATTGTT,0
CGGGGAACCAGGACTTTTAC,0
CGCGGGCTGATCCGGGTT,0
ATGGTTTCAACGGGTAACGGG,0
ATACACAAGCCTCAGATCGGTAGA,0
AGCCTATCACCCTGAAATCGGTTT,0
AGATGTTCTGGGCCGCACGCGCGCT,0
ACTGAGGGTAAGCCGTCCATA,0
ACTGAACGCGGAGACGACGGC,0
AACAACGGATCTCTTGGTT,0
AAACTTTCAACAACGGATC,0
TACCTGGTTGATTCTGCCA,0
TACCTGGTTGATTCTGCC,0
GTCCATAGCCTAGATTTGA,0
GCTTTGGCTGGTCGCTGGC,0
GTGCACTGGTCCGACCGG,0
GTTGACCTCGGATCAGGT,0
GCACTGGTCCGACCGGGTC,0
TCTTTGATGGTCTAACGG,0
CTTTGGCTGGTCGCTGGC,0
GTTGACCTCGGATCAGGTA,0
CTTTGGCTGGTCGCTGGCT,0
GACTAACTGGCGTCTTGC,0
CCTACTGATGACCGTCGC,0
TTCAACGGGTAACGGGGA,0
AAAGCGAATGATTAGAGGC,0
AAATACTGATACAGGGCT,0
TGCCTGTTCGAGCGTCATT,0
GACTAACTGGCGTCTTGCA,0
GCATGCCTGTTCGAGCGTC,0
GCAGCGGTTCTGACGTGC,0
AAGCGTTGGATTGTTCACC,0
CCCTACTGATGACCGTCGC,0
TTTCTCGGAATGCCCACCA,0
GTGCAGATCTTGGTGGTA,0
CATGCCTGTTCGAGCGTC,0
TCCATAGCCTAGATTTGA,0
CTTAGAGGGACTATCGGC,0
TGAACCTGCGGAAGGATCATTA,0
GTAGAGTGATCGAAAGAT,0
GCCTGTTCGAGCGTCATT,0
TACTGATGACCGTCGCCGC,0
ACTGATGACCGTCGCCGC,0
TCTTAGAGGGACTATCGGC,0
AGTGAGGCTTTCGGACTGCCT,0
TTAACGGTTGGTAGAGCTC,0
TAAACTCTGTCGTGCTGGG,0
TTTGGCTGGTCGCTGGCT,0
TTGTGACGAAGCCTTGGGA,0
TGTTAAACTCTGTCGTGC,0
TTCTCGGAATGCCCACCA,0
GATGGTGATCTATACGTGA,0
TGAGGCTTTCGGACTGCCT,0
ACGGTTGGTAGAGCTCGAC,0
AAGCGAATGATTAGAGGC,0
GATCAGATACCGTCGTAGT,0
ACTTCGGTCGTCCGGCGT,0
AAACTTTCAACAACGGAT,0
AATAGGGATAGTCGGGGGC,0
TAGATAAGGGAAGTCGGC,0
GAGTGATCCCGGGTAGAAC,0
GAACCTGCGGAAGGATCATTA,0
ATCAGATACCGTCGTAGT,0
AAGCGTTGGATTGTTCAC,0
CTTCGGTCGTCCGGCGTA,0
TGCTTCGGGTGTGGTTCC,0
TAAGTGAGGCTTTCGGAC,0
GTGCACTGGTCCGACCGGG,0
CGCGTGCACTGGTCCGACC,0
ATGAGAACTTTGAGGACT,0
TCCGGCATGGTGTAGTGGC,0
GGTTTAACGGTTGGTAGA,0
TGAGGACTGAAGTGGGGA,0
TCTTAGTTGGTGGAGTGA,0
TAACGGTTGGTAGAGCTC,0
GGGGGTGTAGAATAGGTG,0
GATTGAATGGCTAAGTGA,0
CCTACTGATGACCGTCGCC,0
GGCATGCCTGTTCGAGCGT,0
GCATGCCTGTTCGAGCGT,0
ACTTAATTGAACGTGGAC,0
AAACTCTGTCGTGCTGGG,0
TTACTTAATTGAACGTGG,0
TGCACTGGTCCGACCGGG,0
GTGAACCTGCGGAAGGATCATTA,0
CTTAACGAATCGCATGGC,0
CGGTTGGTAGAGCTCGAC,0
ATGCCTGTTCGAGCGTCA,0
AGACTTCGGTCGTCCGGC,0
TCTTGGTTCTGGCATCGAT,0
GTTAAACCCATACGCGTA,0
GGTTCTATTCCGGAGAAGGA,0
CTACTGATGACCGTCGCC,0
ATGGTGATCTATACGTGA,0
ATAGGGATAGTCGGGGGC,0
ACACAAGCTTCAGATCGGT,0
AGTAGAGTGATCGAAAGAT,0
TGTGACGAAGCCTTGGGA,0
TGAGGACCGCGCTTCGGC,0
TACTTAATTGAACGTGGAC,0
GCTTTGGCTGGTCGCTGG,0
TAATAGGGATAGTCGGGG,0
CTTAGAACTGGTACGGAC,0
ACTTGGACTGAGGACCGC,0
ACGTGGACATTCGAATGT,0
TAAATACTGATACAGGGCT,0
GGTTGGTAGAGCTCGACA,0
GCGTTGGATTGTTCACCC,0
AATGAAAGTGAACGCTGGT,0
AAACTCTGTCGTGCTGGGG,0
TCGTGCTGGGGATAGAGC,0
ATTGACAGATTGAGAGCT,0
TCAAGCCAGGTCGTACTC,0
TAGCCTCACGGCCGGCGCA,0
GACTAGGGATCGGGCGAT,0
ATCAGTATTCAATTGTCA,0
TTTGAGGACTGAAGTGGGG,0
TAAACTCTGTCGTGCTGG,0
GCCTACTTGGACTGAGGA,0
CTTCGGTCGTCCGGCGTAC,0
CACAAGCTTCAGATCGGT,0
ACCTCTGTCGGGTCCGGT,0
AACGCTGGTGAGAACCCT,0
AACAATGTAGATAAGGGA,0
TGGCGTAATGGTTGTAAGC,0
TATACGGTCCTGTAAGTA,0
TACTTGGACTGAGGACCGC,0
TACCCTACTGATGACCGTC,0
GTTTAACGGTTGGTAGAG,0
CTACTTGGACTGAGGACC,0
ATGCCCTGGCGAGTAGGCA,0
AGTCGGATACGAATAGGC,0
AGGGGGTGTAGAATAGGTG,0
TAAGTGAGGCTTTCGGACT,0
GTTTGTCCGGAGCTAGGGT,0
CATGCCTGTTCGAGCGTCA,0
AATAGGGATAGTCGGGGG,0
TTTCAACGGGTAACGGGGA,0
TGGGTGTGTCGGGGAACCA,0
TAGATAAGGGAAGTCGGCA,0
GTGAGAATCCCGTATGTGA,0
GCACTGGTCCGACCGGGT,0
CCAAATGCCTCGTCATCTA,0
ATCTAGACAGCAGGACGGT,0
ACTAGCCCTGAAAATGGA,0
AATGAGAACTTTGAGGAC,0
TTTGTTGGTTTCTAGGAC,0
TTTGTCCGGAGCTAGGGT,0
TTGTTTGGGAATGCAGCT,0
TTCGGGTGTGGTTCCGGT,0
TTCAACGGGTAACGGGGAA,0
TCAAGCCAGGTCGTACTCA,0
GTTTTACCCTACTGATGACCGTC,0
GACTTCGGTCGTCCGGCGT,0
GAAACTCTGGTGGAGGCTC,0
CTTCACTGGGTGTGTCGGG,0
CGAACGCGAGGTTAAGGT,0
CCCTACTGATGACCGTCG,0
CAAGCCAGGTCGTACTCA,0
ACTTAGAACTGGTACGGA,0
AACTCTGTCGTGCTGGGGA,0
TCTTTTTGACTCGCTCGGC,0
GGTAAGCGTTGGATTGTTC,0
GCGTGCACTGGTCCGACC,0
CTCTAGTTTGACATTGTGA,0
CAAGCCAGGTCGTACTCAT,0
ATGCTTCGGGTGTGGTTCC,0
ATGAACCGAACGCGAGGT,0
AGCGTTGGATTGTTCACCC,0
ACAGATTGAGAGCTCTTT,0
TTCGCGGGCTGATCCGGG,0
TTAATAGGGATAGTCGGG,0
TCCGGTGCGCTCTCGACGT,0
GTTTAACGGTTGGTAGAGC,0
GGGTGTAGAATAGGTGGGA,0
GCAATGTAGCCTACTTGGA,0
CTCGGATCAGGTAGGGAT,0
CGATTGAATGGCTAAGTGA,0
CGAGTAGGCAGGCGTGGA,0
CCATACCTCGCCGCCAGGG,0
CCAAATGCCTCGTCATCTAA,0
AGCCAAATGCCTCGTCATCTA,0
AGACTGAAGAGAATTGGGC,0
AAGCCGATGGAAGTTTGA,0
TTGTCCGGAGCTAGGGTT,0
TTAGAGGGACTATCGGCT,0
TTAACGGTTGGTAGAGCT,0
TCTGTCGTGCTGGGGATA,0
TATCACCCTGAAATCGGT,0
TAAATACTGATACAGGGC,0
GGGTTTAACGGTTGGTAGA,0
GGGGATGCTCTTGGAGCAGAGGA,0
CTTGGTTCTGGCATCGAT,0
CTCTAGTGCAGATCTTGGT,0
CATACCTCGCCGCCAGGG,0
ATCTGCTGGATAATGGCT,0
ATATGCGAGTGTTTGGGT,0
ACCGAACGCGAGGTTAAGGT,0
ACAAGCTTCAGATCGGTGG,0
TTTAACGGTTGGTAGAGC,0
TTGAGGACTGAAGTGGGG,0
TTCGGCTAGGATGCTGGC,0
TTAATAGGGATAGTCGGGG,0
TCCGAATTAGTGTAGGGG,0
TACTTAATTGAACGTGGA,0
TAAGCGTTGGATTGTTCA,0
GTCTTGTAATTGGAATGA,0
GTAATGGTTGTAAGCGAC,0
GGTAAGCGTTGGATTGTT,0
GGCAACACCCACCCAGAGGCGGA,0
GCGTAATGGTTGTAAGCGA,0
CGTGCACTGGTCCGACCGG,0
ATCCCGTATGTGACTGGA,0
ACCCTACTGATGACCGTC,0
ACAGCAGTTGGACATGGGT,0
AATGAGAACTTTGAGGACT,0
TTTGAGGACTGAAGTGGG,0
TTTCGGACTGCCTTAGGGA,0
TTCAAGCCAGGTCGTACTC,0
TGTTAAACTCTGTCGTGCT,0
TACCCATACCTCGCCGCCA,0
TAATTGGTTTTTGCGGCT,0
TAAGGTAGCCAAATGCCTCGTCAT,0
GTCGTGCTGGGGATAGAGC,0
GTAAGCGTTGGATTGTTC,0
GGTGTAGAATAGGTGGGA,0
GGGGTGTAGAATAGGTGGG,0
GACTGAAGAGAATTGGGC,0
GACTAGGGATCGGGCGATG,0
GAAGCTACCATCTGCTGGA,0
CCTTCACTGGGTGTGTCGGGG,0
AAGGATTGGCTCTAAGGGT,0
AACTTAGAACTGGTACGGA,0
AAAGCGGAACTGGGTGTC,0
