sequence,length
GTTTAACGGTTGGTAGAGCTCGAC,24
GGGTTTAACGGTTGGTAGAGCTC,23
CGCGTGCACTGGTCCGACCGGGTC,24
AACAGGACGTCATAGAGGGTG,21
TACCATCTGCTGGATAATGGCT,22
CTTCGCGGGCTGATCCGGGTT,21
ACATACGACCATAGACTGAA,20
GTAGCCTACTTGGACTGAGGACC,23
AAGCTTCAGATCGGTGGATT,20
TAACACTCTAATAGAAGTCGTT,22
GGTTAATATTCCGGTACCTGGA,22
TAACGGTTGGTAGAGCTCGA,20
GGTTTCAACGGGTAACGGGGA,21
ACATACGACCATAGACTGAAGAGA,24
GTAGCCTACTTGGACTGAGGACCGC,25
GGCGTCGTGACGGAGTGGTTAAC,23
GAAGTCGGCAAAATAGATCCGT,22
ACCCTACTGATGACCGTCGCC,21
AATAAGGATTGACAGATTGAGA,22
ACAATGTAGATAAGGGAAGTCGGC,24
AAACTTTCAACAACGGATCTCTTG,24
TGTAGCCTACTTGGACTGAGGAC,23
ACATACGACCATAGACTG,18
AAGTCAGAATCCATGCCAGA,20
TTACCCTACTGATGACCGTCGC,22
TACACTGACAGAGCCAACGAGT,22
GAGTGATCCCGGGTAGAACAGCCT,24
CGGACAAGGGGAATCTGACTGTC,23
CAATGTAGATAAGGGAAGTCGGCA,24
ACTAATAGGGAACGTGAGCT,20
AATAAGGATTGACAGATTGAGAGCT,25
TTGCAGTTAAAAAGCTCGTAGTTGA,25
TACCCTACTGATGACCGTCGCC,22
TACACAAGCTTCAGATCGGTGG,22
GCTTCGGCTAGGATGCTGGC,20
GACAATAAATACTGATACAGGGC,23
TCGGTAGATTAGTAGTTGGGT,21
GTTTTACCCTACTGATGACCGTCGC,25
GCTAAGTGAGGCTTTCGGACTGCCT,25
GAGTGATCCCGGGTAGAACA,20
CATCTAGACAGCAGGACGGTG,21
AGGGGATGCTCTTGGAGCAGAGGA,24
AGCCTTGTTGTTACGATCTACTGA,24
AAGGAGTGTACCTAATATGC,20
TGTTGAGCTTGACTCTAGTTTGA,23
TGCAATGTAGCCTACTTGGA,20
TGACAATAAATACTGATACAGGGCT,25
TAGCTTTGGCTGGTCGCTGG,20
TAGCCTACTTGGACTGAGGA,20
GGTTTAACGGTTGGTAGAGCTCGA,24
GGTAAGCGTTGGATTGTTCACC,22
GGGCATGCCTGTTCGAGCGTCATT,24
CGAACGCGAGGTTAAGGTGCCGGA,24
ATAGATCCGTAACTTCGGGA,20
AAATAGATCCGTAACTTCGGGA,22
TGACCTCGGATCAGGTAGGGA,21
TCTTCGGGGGGTGTTATAGCTCTAG,25
TCTGGTGGAGGCTCGCAGCGGT,22
TACCCTACTGATGACCGTCGCCGC,24
GTTGGACATGGGTTAGTCGATC,22
CTTGTTAAACTCTGTCGTGC,20
ATGTAGCCTACTTGGACTGAGGA,23
ATAACCGTGGTAATTCTAGAGC,22
AATCTTGTTAAACTCTGTCGTGC,23
TTGAGGACTGAAGTGGGGAA,20
TTACCCTACTGATGACCGTCGCCGC,25
TACTTGGACTGAGGACCGCGC,21
GCATGCCTGTTCGAGCGTCA,20
ACATACGACCATAGACTGAGGAGA,24
TTAGAACTGGTACGGACAAGGGGA,24
TGTTAAACTCTGTCGTGCTGGG,22
GCGTGCACTGGTCCGACCGGGTC,23
GAAGCTACCATCTGCTGGAT,20
CTCTGTCGTGCTGGGGATAGA,21
CCGAAAGATGGTGATCTATACGTGA,25
ATCAGTTATCGTTTATTTGA,20
ATACACAAGCTTCAGATCGGTGGA,24
AATGTAGCCTACTTGGACTG,20
AAGTGAGGCTTTCGGACTGC,20
AACGAACGAGACCTTAACCTGC,22
TTTTGAGTCTTGTAATTGGA,20
TTACCCTACTGATGACCGTCGCC,23
TGTAGTGTATACTAAGTCGGTG,22
TACTGATGACCGTCGCCGCA,20
CAGTTGGACATGGGTTAGTCGA,22
ATAATAACTTAACGAATCGCATGGC,25
AGCGTTGGATTGTTCACCCA,20
TTAATAGGGATAGTCGGGGG,20
TGTGCTATACGGTCCTGTAAGTA,23
TAGGGTTTAACGGTTGGTAGAG,22
TAGGATGCTGGCGTAATGGTTGTA,24
TAGGAAGTCGGTTGATGGCATT,22
TACCCATACCTCGCCGCCAGGG,22
TAAGTGAGGCTTTCGGACTG,20
GTTTCAACGGGTAACGGGGAA,21
GTTCTATTTTGTTGGTTTCTAGGA,24
GTACGGACAAGGGGAATCTGACTGT,25
GGTGCAATGTAGCCTACTTGGA,22
GGTACGGACAAGGGGAATCT,20
GCCATTAGGGGATGCTCTTGGA,22
GATAACGAACGAGACCTTAACCT,23
GAACAGAAATCTCCAGTAGAACA,23
CTACTGATGACCGTCGCCGCAAT,23
ATACGGTCCTGTAAGTAGTAGAGT,24
AGGGTTTAACGGTTGGTAGAGCTC,24
AGAGTCCGAATTGTAATTTGT,21
ACAAGCTTCAGATCGGTGGA,20
AATGTAGCCTACTTGGACTGAG,22
AAAGTGAACGCTGGTGAGAACCCT,24
TTTCAACAACGGATCTCTTGGTT,23
TTGGAACAGGACGTCATAGA,20
TGTCTGGACTGGGCTGATGGGT,22
TGTCCCTATCTACTATCTAGCGA,23
TGGCGTAATGGTTGTAAGCG,20
TGGAACAGGACGTCATAGAG,20
TCTTTTTGACTCGCTCGGCACCT,23
TCCGGCATGGTGTAGTGGCTAGC,23
TAGACAGCAGGACGGTGGCCA,21
TACTTATTCAATAAAGCGGA,20
TACCCTACTGATGACCGTCG,20
TAATAGAATAGGACGTGTGGT,21
TAAGGGGGACTCATGGAGAA,20
TAACTTAACGAATCGCATGGC,21
GTCTTTGGGTTCTGGGGGGA,20
GTAAGCGTTGGATTGTTCACC,21
GGTAAGCGTTGGATTGTTCACCC,23
GGGTGTAGAATAGGTGGGAGC,21
CTTAACGAGGAACAATTGGAGGGC,24
CTATCGATCCTTTAGTCCCT,20
CTACTTGGACTGAGGACCGC,20
CCTGAATCTTAGCTGGCTGGT,21
CAATGTAGATAAGGGAAGTCG,21
ATTAATAGGGATAGTCGGGG,20
ATGAGAACTTTGAGGACTGAAGTG,24
ATCGGTGGATTAGTAGTTGGG,21
ATAACGAACGAGACCTTAACCT,22
AGTGAACGAAAGTTAGGGGA,20
AGTAGAGTGATCGAAAGATG,20
ACCTCTGTCGGGTCCGGTGC,20
ACAATGTAGATAAGGGAAGT,20
ACAAGCCTCAGATCGGTAGA,20
AAGGATTGGCTCTAAGGGTT,20
AACGGATCTCTTGGTTCTGGC,21
AACGAACGAGACCTTAACCTGCT,23
AACACGGACCAAGGAGTGTACCT,23
AAAGTCTTTGGGTTCTGGGGG,21
TTTCAAGCCAGGTCGTACTCAT,22
TGGGTGTGTCGGGGAACCAGGACT,24
TGCTATACGGTCCTGTAAGT,20
TGACCTCGGATCAGGTAGGGATA,23
TCGTAGTTGAACCTTGGGCC,20
TAGGGATAGTCGGGGGCATC,20
TACGTTGGGCCATTAGGGGATGCT,24
TACGTGAAATTGTTGAAAGG,20
TACACAAGCTTCAGATCGGTGGA,23
GATAGAACAATGTAGATAAGGG,22
GAATCCATGCCAGAAAGCGGT,21
GAACAATTGGAGGGCAAGTCT,21
CTTAGCTGGCTGGTAACGGT,20
CTGAAATCGGTTTGTCCGGA,20
CTCGCAGCGGTTCTGACGTG,20
CCACGGCAACGTAACTGAACGCG,23
CATGGTTTCAACGGGTAACGGG,22
CATCGAATCTTTGAACGCACATTGC,25
CAGTGAACGAAAGTTAGGGGAT,22
CAGTGAACGAAAGTTAGGGGA,21
CACAAGCTTCAGATCGGTGGA,21
ACAATAAGGATTGACAGATTGAGA,24
AATCTTGTTAAACTCTGTCGT,21
AATAATAGAATAGGACGTGTG,21
AAGCCAGGTCGTACTCATAA,20
TTGGACTGAGGACCGCGCTTCGGC,24
TTCATCTAGACAGCAGGACGGT,22
TTAATAGTTGATGAGAGAATGT,22
TGGTACGGACAAGGGGAATCTGAC,24
TGGTACGGACAAGGGGAATCTG,22
TGGCCATGGAAGTCGGAATCC,21
TATACGGTCCTGTAAGTAGTAGA,23
TAGTTTTACCCTACTGATGACCGT,24
TAGCCTACTTGGACTGAGGACCG,23
TACTGTGAAACTGCGAATGGCT,22
TACACAAGCTTCAGATCGGTGGATT,25
TAATAGGGATAGTCGGGGGCA,21
TAATAGAATAGGACGTGTGGTT,22
GTTGAAGACATTGTCAGGTGGGGA,24
GTGCAATGTAGCCTACTTGGACTG,24
GTCCCTATCTACTATCTAGCGA,22
GGTTTTGATGGTTGTCTGATCGGT,24
GGTTTAACGGTTGGTAGAGCT,21
GGGGGTGTAGAATAGGTGGGAG,22
GGGCTTGTGGTTTAGTGGTATA,22
GGCCATGGAAGTCGGAATCCGCTA,24
GATTAATAGGGATAGTCGGGG,21
GACAATAAATACTGATACAGG,21
GAAAGTGGTGTTGACGCAATGTGA,24
CTTAGCTGGCTGGTAACGGTCCT,23
CCGAACGCGAGGTTAAGGTGCCGGA,25
CACTAATAGGGAACGTGAGCT,21
ATGTGAACAGCAGTTGGACA,20
ATCTTTTTGACTCGCTCGGC,20
ATCGAAAGATGAAAAGCACT,20
ATCCCGGGTAGAACAGCCTC,20
AGGACTGAAGTGGGGAAAGGT,21
AGAGTGATCGAAAGATGAAA,20
ACTTTCAACAACGGATCTCTTGGT,24
ACCGATTGAATGGCTAAGTGA,21
AATTGTTGAAAGGGAAGCGCT,21
AATTCGGTAAGCGTTGGATTGTTCA,25
AAGTGAACGCTGGTGAGAAC,20
AAGGATTGGCTCTAAGGGTTGGGT,24
AAGCAGAATTCGGTAAGCGTTGGAT,25
AAGCAGAATTCGGTAAGCGTTGGA,24
AAACTCTGTCGTGCTGGGGATA,22
TTTACCCTACTGATGACCGTCGCCG,25
TTCTGCCAGTAGTCATATGCT,21
TTCGCGGGCTGATCCGGGTTGAAGA,25
TTCAACAACGGATCTCTTGGTT,22
TTAGAGGAAGTAAAAGTCGT,20
TGTAGCCTACTTGGACTGAG,20
TGGTTCTGGCATCGATGAAG,20
TCTTGTAATTGGAATGAGTA,20
TCTTGATGTCTTCGGATGGATT,22
TCGGTAAGCGTTGGATTGTTC,21
TCGGGTCCGGTGCGCTCTCGACGT,24
TCAATAAAGCGGAACTGGGTG,21
TATCCAAACTTGGTCATTTAGAGG,24
TAGTAGGAAGTCGGTTGATGGC,22
TAGAGTCCGAATTGTAATTTG,21
TAGAACTGGTACGGACAAGG,20
TAAGGATTGACAGATTGAGAGCT,23
TAACGAACGAGACCTTAACCT,21
GTTTCAACGGGTAACGGGGAATT,23
GTGTCGGGGAACCAGGACTTTT,22
GTGAACAGCAGTTGGACATGGGTT,24
GTCGTGCTGGGGATAGAGCATTGC,24
GGTAAAGCGAATGATTAGAG,20
GGGTTGAAGACATTGTCAGGT,21
GGGTAATCTTGTTAAACTCTGTC,23
GGGATGAACCGAACGCGAGG,20
GGCGTCGTGACGGAGTGGTTA,21
GGAAGTCGGCAAAATAGATCCGT,23
GATAGAACAATGTAGATAAGGGA,23
GAGTGATCCCGGGTAGAACAGCC,23
CTATACTGTGAAACTGCGAATG,22
CTAGGATGCTGGCGTAATGGTT,22
CTAATAGGGAACGTGAGCTGGG,22
CGACTAGGGATCGGGCGATGT,21
CGAATGAACTAGCCCTGAAAATGGA,25
CCTTCGCGGGCTGATCCGGGTT,22
CCTCTGTCGGGTCCGGTGCGCTCTC,25
CATTAGGGGATGCTCTTGGA,20
CACAATAAGGATTGACAGATT,21
CAATAAAGCGGAACTGGGTG,20
ATTTAGAGGAAGTAAAAGTCGT,22
ATTGACGGAAAGGCACCACCA,21
ATTGAATGGCTAAGTGAGGCT,21
ATCATCGAATCTTTGAACGC,20
ATAGGGGGTGTAGAATAGGTGGG,23
AGTCGGCAAAATAGATCCGTA,21
AGGTAAAGCGAATGATTAGA,20
AGCAGGACGGTGGCCATGGA,20
ACGGTCCTATTGAAGAAACTCTTTA,25
ACGCTGGTGAGAACCCTTAAGG,22
AATAAGGATTGACAGATTGAG,21
AAGATGCTTCGGGTGTGGTTCCGGT,25
AACTCACCAGGTCCAGACACA,21
AACTATACTGTGAAACTGCGAATGG,25
AACGGTCCTATTGAAGAAACT,21
AACAGTACGTGAAATTGTTGAA,22
AACAGGACGTCATAGAGGGTGAGA,24
TTTTAGAGTCCGAATTGTAATT,22
TTTGAGGCTAGAGGTGCCAGA,21
TTTGACTCGCTCGGCACCTCACGA,24
TTTATTGAAGACTAACTACTGCGA,24
TTTACCCTACTGATGACCGTCG,22
TTGTTACTTAATTGAACGTGGAC,23
TTGTGCTATACGGTCCTGTAAGTA,24
TTGGGCCATTAGGGGATGCTCTTG,24
TTGGAACAGGACGTCATAGAGGGTG,25
TTGAGTCTTGTAATTGGAATGA,22
TTGACTCGCTCGGCACCTCA,20
TTCGGATGGATTTGAGTAAGAGC,23
TTCCGGTCTAAGTTCCTTGGA,21
TTCACTGGGTGTGTCGGGGAA,21
TTCAAGCCAGGTCGTACTCATAACC,25
TTAGTTGGTGGAGTGATTTGTCTG,24
TTAGAACTGGTACGGACAAG,20
TGTTGAGCTTGACTCTAGTTTG,22
TGTTGAGCTTGACTCTAGTT,20
TGCTGGCGTAATGGTTGTAAGCGA,24
TGAACGAAAGTTAGGGGATCGAAGA,25
TCGGTCTGCGGGTGGAACGCCG,22
TCGGGGGGTGTTATAGCTCTAGGTG,25
TCCTAAGGGGGACTCATGGA,20
TATTTTGTTGGTTTCTAGGAC,21
TATGTGACTGGATACCTATGCT,22
TAGTTTTACCCTACTGATGACCGTC,25
TAGAGGAAGTAAAAGTCGTA,20
TAATTCAGCTTAGTACGAGAGGAA,24
GTTGGACATGGGTTAGTCGATCCT,24
GTAGAGTGATCGAAAGATGAAAA,23
GTAATGAAAGTGAACGCTGGTG,22
GGGTGTGTCGGGGAACCAGGAC,22
GGGTAATCTTGTTAAACTCTGT,22
GCTGGCGTAATGGTTGTAAGCGA,23
GCTACACTGACAGAGCCAACG,21
GCGCACAAGTAGAGTGATCGA,21
GCCCGGCTAGCTCAATCGGTA,21
GCCATGGAAGTCGGAATCCGCTAA,24
GCAGCGGTTCTGACGTGCAA,20
GATAGCGCACAAGTAGAGTGAT,22
GATAAAGGCTTAGAGAATGTGGCCC,25
GAGCTCTTTCTTGATTTTGTGG,22
GACTAACTGGCGTCTTGCAA,20
GAAGTCGGCAAAATAGATCCGTA,23
GAAGGAGCCTGAGAAACGGC,20
GAACAGCAGTTGGACATGGGTTAG,24
CTGGCATCGATGAAGAACGC,20
CTCTTGGTTCTGGCATCGATGA,22
CTCCAGTAGAACAAAAGGGTA,21
CGCTGGCTTCTTAGAGGGACT,21
CGAATGATTAGAGGCCTTGGG,21
CGAATCTTTGAACGCACATTGC,22
CCAACTTAGAACTGGTACGGAC,22
CATCTAGACAGCAGGACGGTGG,22
CATCGATGAAGAACGCAGCGA,21
CAGCTTAGTACGAGAGGAACCGCT,24
CACAATAAGGATTGACAGATTGA,23
CAAAGTCTTTGGGTTCTGGG,20
ATTACCCATACCTCGCCGCCAGG,23
ATTAAAGTTGTTGCAGTTAA,20
ATGGAAGTCGGAATCCGCTAAGGA,24
ATGCCTGTTCGAGCGTCATTT,21
ATCTTTTTGACTCGCTCGGCAC,22
ATCTTGATGTCTTCGGATGG,20
ATCCCGGGTAGAACAGCCTCTAG,23
ATACTGTGAAACTGCGAATG,20
ATACGGTCCTGTAAGTAGTAGA,22
ATACCCACACATCGTAGTCGGA,22
ATAATAGAATAGGACGTGTGG,21
AGGTAGTGACAATAAATACT,20
AGGGAAGTCGGCAAAATAGATCCGT,25
AGCAGTTGGACATGGGTTAGTCGAT,25
AGCACTTTGGAAAGAGAGTT,20
AGACTTGCACTTGGTGTTCATCAGG,25
ACTTGTGCGCCGTCCCTCGAA,21
ACTCTAGTTTGACATTGTGA,20
ACCGATTGAATGGCTAAGTGAGGCT,25
ACAGGGATTACCTCAGTAACGGCGA,25
ACAGCAGGACGGTGGCCATGGA,22
ACACGGACCAAGGAGTGTACCTAAT,25
ACAATGTAGATAAGGGAAGTCGG,23
AATCAGTGAACGAAAGTTAGGGGAT,25
AAGTCGGAATCCGCTAAGGAAT,22
AACTTTGAGGACTGAAGTGGGGAAA,25
AACTATACTGTGAAACTGCGAATG,24
AACGAACGAGACCTTAACCTGCTA,24
AAAACTTTCAACAACGGATCTCTTG,25
TTTTTGACTCGCTCGGCACCTC,22
TTTTACAATGCGTGGGGTTGAA,22
TTTGGCTGGTCGCTGGCTTC,20
TTTCAAGCCAGGTCGTACTCATAAC,25
TTTATGAGGTAAAGCGAATGA,21
TTTAACGGTTGGTAGAGCTCG,21
TTGTCTGCTTAATTGCGATA,20
TTGTCAGTTGTGTCTTAACAGA,22
TTGACTCTAGTTTGACATTGTGA,23
TTGACCTCGGATCAGGTAGGGAT,23
TTGACAGATTGAGAGCTCTTTCTT,24
TTGAACGTGGACATTCGAAT,20
TTCTATTTTGTTGGTTTCTAGGAC,24
TTCATTGTCTGTATATTGCATT,22
TTCATCAAGTTCAGGCCAGCATC,23
TTAGTACGAGAGGAACCGCTGA,22
TTAGCTGGCTGGTAACGGTCCT,22
TGTCGTTCGTGCCATGGTTCGA,22
TGGTCGCTGGCTTCTTAGAGGGACT,25
TGGGTAATCTTGTTAAACTCTG,22
TGGGGAAAGGTTCCATGTGA,20
TGCGATTTCGTGCCGTGTCGTT,22
TGATTGGTTGCCGATTTCCAGA,22
TGATAGAACAATGTAGATAAGG,22
TGATAGAACAATGTAGATAA,20
TGAGTGGTTAGATAAAGGCTTAGAG,25
TGAACGCTGGTGAGAACCCTT,21
TGAAAAGCACTTTGGAAAGAGA,22
TGAAAAGCACTTTGGAAAGA,20
TCTTGTTAAACTCTGTCGTG,20
TCTTCGGATGGATTTGAGTAAGAGC,25
TCTGTCGGGTCCGGTGCGCTC,21
TCGGATCAGGTAGGGATACCCGC,23
TCGACATTGAGAACTTCTGCGG,22
TCGACAGCTTACGACGGATTC,21
TCCGGCATGGTGTAGTGGCTAG,22
TCCAGTAGAACAAAAGGGTAAA,22
TCAGTGAACGAAAGTTAGGGG,21
TCAGGTTGATCGTGGATCCTG,21
TCAGATCGGTGGATTAGTAGTTGGG,25
TATGAGGTAAAGCGAATGATTA,22
TATCTTTTTGACTCGCTCGGC,21
TATAGCTCTAGGTGCAATGTAGCCT,25
TAGTTGATAGAACAATGTAGATAAG,25
TAGCATTGGAACCTTGGAACCA,22
TAGATGTTCTGGGCCGCACGCGCGC,25
TAGATAAGGGAAGTCGGCAA,20
TAGAGGAAGTAAAAGTCGTAACAA,24
TACTTAATTGAACGTGGACA,20
TACTGATGACCGTCGCCGCAATGGT,25
TACGGACAAGGGGAATCTGAC,21
TACATCCAAGGAAGGCAGCA,20
TACACAAGCTTCAGATCGGTA,21
TACACAAGCCTCAGATCGGTAGA,23
TAATAGAATAGGACGTGTGG,20
TAATAACTTAACGAATCGCATG,22
TAACAACCAACTTAGAACTG,20
TAAAGCGAATGATTAGAGGCC,21
TAAAAACCTCGACTTCGGAAGG,22
GTTGACGCAATGTGATTTCT,20
GTTCGACTCCCCGTCAGAGA,20
GTTACGATCTACTGAGGGTA,20
GTGTTGACGCAATGTGATTTCTG,23
GTGGTTAGATAAAGGCTTAGAGAAT,25
GTGGTTAGATAAAGGCTTAGAG,22
GTCCCTTGAAAATCCGCGGGAAGGA,25
GTAATCTTGTTAAACTCTGTCGTG,24
GGTTGGTAGAGCTCGACACC,20
GGTTCTGGCATCGATGAAGAACGC,24
GGTGGCCATGGAAGTCGGAATC,22
GGTGGAGGCTCGCAGCGGTTC,21
GGGTCCGGTGCGCTCTCGACGTCC,24
GGGAAGTCGGCAAAATAGATCC,22
GGGAAAAGGATTGGCTCTAAGGGT,24
GGATGCTGGCGTAATGGTTGTAA,23
GGAACCAGGACTTTTACTTT,20
GCTTCGGGTGTGGTTCCGGTCTAA,24
GCTACCATCTGCTGGATAATGGCT,24
GCTAAGTGAGGCTTTCGGAC,20
GCTAAGGAATGTGTAACAACTCAC,24
GCATCATCGACCGATCTTGAT,21
GCATCATCGACCGATCTTGA,20
GCAGTTGGACATGGGTTAGTCGA,23
GCAGTTGGACATGGGTTAGTC,21
GCACAAGTAGAGTGATCGAAAGATG,25
GATTTATTGAAGACTAACTACT,22
GATTCAGATAATTGGTTTTTGCGGC,25
GATGGATTTGAGTAAGAGCAT,21
GAGGAAGTAAAAGTCGTAACAA,22
GAGGAACAATTGGAGGGCAAGTCT,24
GACCAAGGAGTGTACCTAATATGC,24
GACATGGGTTAGTCGATCCTAA,22
GAATGTCGAAAGAGAGGAAACAAAC,25
GAATAATAGAATAGGACGTGTG,22
GAAGCTCTTTCGACGAGTCGAGT,23
GAACGAGACCTTAACCTGCTAAAT,24
GAAATCGGTTTGTCCGGAGCTA,22
GAAACTCTGGTGGAGGCTCGCAGC,24
CTTGTTGTTACGATCTACTGAGGGT,25
CTTGAAAATCCGCGGGAAGGA,21
CTTAACGAGGAACAATTGGAG,21
CTTAACAGCCTATCACCCTGAA,22
CTGAATCTTAGCTGGCTGGT,20
CTACACTGACAGAGCCAACGA,21
CGGAATATACGCTCATCAGACA,22
CGCAGCGGTTCTGACGTGCA,20
CGATCAGATACCGTCGTAGTC,21
CGACTAGGGATCGGGCGATGTTA,23
CCTACTTGGACTGAGGACCGCGCT,24
CCTAAGGGGGACTCATGGAGAACA,24
CCTAAGGGGGACTCATGGAG,20
CCATCTGCTGGATAATGGCTGA,22
CCACTAATAGGGAACGTGAGCTG,23
CCACGGCAACGTAACTGAACGCGGA,25
CATCAGTATTCAATTGTCAGAG,22
CAGTTGGACATGGGTTAGTCGAT,23
CAGCATCAGTTTGAGTGGTT,20
CAGCAGTTGGACATGGGTTA,20
CAGATCGGTAGATTAGTAGTTGGGT,25
CAGACACAATAAGGATTGACAGA,23
CAGACACAATAAGGATTGACA,21
CACAAGCTTCAGATCGGTGGATT,23
CACAAGCCTCAGATCGGCAGA,21
CAACTTAGAACTGGTACGGACAA,23
CAACTTAGAACTGGTACGGACA,22
ATTTGAGGCTAGAGGTGCCA,20
ATTTATACCCACACATCGTA,20
ATTGTAATTTGTAGAAGATG,20
ATTGACAGATTGAGAGCTCTTTCT,24
ATGGAATAATAGAATAGGACGT,22
ATGGAAGTCGGAATCCGCTAAGGAA,25
ATCGGTGGATTAGTAGTTGG,20
ATCGGCAGATTAGTAGTTGGG,21
ATCAGTTTGAGTGGTTAGATA,21
ATCAGTTTGAGTGGTTAGAT,20
ATACGTGAATAGGGTGAAGCCAGA,24
ATAAAAAACCAATGCCCTTCGGG,23
AGGTCGTACTCATAACCGCAGC,22
AGGGTTTAACGGTTGGTAGA,20
AGCATGGAATAATAGAATAGGAC,23
AGATGTTCTGGGCCGCACGCGCGC,24
AGATGCTTCGGGTGTGGTTCCGGTC,25
AGAGTTAAACAGTACGTGAA,20
AGAGTCCGAATTGTAATTTGTAG,23
AGACTGAAGAGAATTGGGCAT,21
ACTGGTACGGACAAGGGGAATCTG,24
ACTCTTTAGGACTAACTGGCGT,22
ACTCGCTCGGCACCTCACGAG,21
ACTATGCCGACTAGGGATCGGGC,23
ACTAATAGGGAACGTGAGCTGGG,23
ACGGATCTCTTGGTTCTGGC,20
ACGGACAAGGGGAATCTGAC,20
ACGAGACCTTAACCTGCT,18
ACCTCGGATCAGGTAGGGAT,20
ACCGTGGTAATTCTAGAGCTAATA,24
ACCGTGGTAATTCTAGAGCTA,21
ACATCGTAGTCGGATACGAATAGGC,25
ACATACGACCATAGACTGAGGAGAA,25
ACAGCAGGACGGTGGCCATGGAAG,24
AATTGAACGTGGACATTCGAAT,22
AATGGTAATTCAGCTTAGTACGAGA,25
AATGAGAACTTTGAGGACTGAAGTG,25
AATCAGACTTGCACTTGGTGT,21
AATAGGGATAGTCGGGGGCATCAGT,25
AATAAGCGGAGGAAAAGAAACCAAC,25
AATAAAGCGGAACTGGGTGTC,21
AAGTTAGGGGATCGAAGACG,20
AAGTCGGAATCCGCTAAGGAATGTG,25
AAGTCGGAATCCGCTAAGGAATG,23
AAGGTCTGGGTAATCTTGTT,20
AAGGGTGCATCATCGACCGA,20
AACTAGCCCTGAAAATGGATG,21
AACAGGACGTCATAGAGGGTGAG,23
AACAGCAGTTGGACATGGGTT,21
AAAGGATTGGCTCTAAGGGTTGGG,24
TTTTGACTCGCTCGGCACCTCAC,23
TTTTGACTCGCTCGGCACCTC,21
TTTGTGGGTGGTGGTGCATGGCCGT,25
TTTGTGGGTGGTGGTGCATGGCC,23
TTTGGCCCTGAATCTTAGCTGGCTG,25
TTTAGAGGAAGTAAAAGTCGTAACA,25
TTGTTAAACTCTGTCGTGCTGGGG,24
TTGTTAAACTCTGTCGTGCTGG,22
TTGTCGTAGTGTGATTGGATCT,22
TTGGAACAGGACGTCATAGAGGG,23
TTGAGGCTAGAGGTGCCAGAA,21
TTGAAGACTAACTACTGCGA,20
TTCGGAAGGGGTGTATTTATT,21
TTCAGATCGGTAGATTAGTAGT,22
TTCAATAAAGCGGAACTGGGTGTC,24
TTCAATAAAGCGGAACTGGGT,21
TTCAAAAAGCGTGCCTTAGGA,21
TTATTCAATAAAGCGGAACTGGG,23
TTAGTTGGTGGAGTGATTTGTC,22
TTAGTAGGAAGTCGGTTGATGG,22
TTAGAGTCCGAATTGTAATTTGTAG,25
TTACGATCTACTGAGGGTAA,20
TTAAGGGTGCATCATCGACCGAT,23
TTAAGCCATGCATGTCTAAGT,21
TTAACAGCCTATCACCCTGAA,21
TTAAAACTTTCAACAACGGATC,22
TGTTTTTCTGATTGGTTGCCG,21
TGTTGCTGATTTGGGTTCTGGC,22
TGTGACCGCTTTTGCACTGATC,22
TGTGAATTGCAGAATTCAGT,20
TGTCTGGACTGGGCTGATGGG,21
TGTCAGAGGTGAAATTCTTGGAT,23
TGGTCGCTGGCTTCTTAGAG,20
TGGTAGAGCTCGACACCTCTG,21
TGGTACGGACAAGGGGAATCTGACT,25
TGGCTTCTTAGAGGGACTATC,21
TGGCTAAGTGAGGCTTTCGG,20
TGGCCCTGAATCTTAGCTGGC,21
TGGAAAGCTGTTAAGTCTCTG,21
TGCTTCTGCTTCATCGAGCCGG,22
TGCGATGGCCAGAAAGTGGTGT,22
TGCCATACACAAGCCTCAGATCGGT,25
TGATTAATAGGGATAGTCGGGG,22
TGATCCGGGTTGAAGACATTG,21
TGAGGACTGAAGTGGGGAAAGGTT,24
TGAGAGTGGACTATGGAATGA,21
TGAGAAATGCAGGCTTGAATTT,22
TGACTCGCTCGGCACCTCACG,21
TGAAGTGGGGAAAGGTTCCATGTG,24
TGAACGCGGAGACGACGGCGGGG,23
TGAACAGCAGTTGGACATGG,20
TGAAATTGTTGAAAGGGAAGCGCT,24
TGAAATTCGGTACTAAGGGAA,21
TGAAAGTAGCTGGTGCGTTGGT,22
TCTAGACAGCAGGACGGTGG,20
TCGTTGTGGTGAAGTAAACCAAG,23
TCGTAGTTGAACCTTGGGCCTG,22
TCGTAGTCGGATACGAATAGGC,22
TCCGGGATCGCATTGACTGGA,21
TCCGGCATGGTGTAGTGGCT,20
TCCGAATTGTAATTTGTAGAAGATG,25
TCCCGGGTAGAACAGCCTCTAGTGC,25
TCAAACTTTAAATATGTAAGA,21
TATTTTGTTGGTTTCTAGGACC,22
TATTCCGGAGAAGGAGCCTGA,21
TATTACCCATACCTCGCCGCC,21
TATTAAAGTTGTTGCAGTTAA,21
TATGAGGTAAAGCGAATGATTAGA,24
TATCATGGCTGATTGTATGTGT,22
TATATTAAAGTTGTTGCAGT,20
TATAGCACAATTAAGTCGTATG,22
TAGGGATCGGGCGATGTTATCT,22
TAGGACTAACTGGCGTCTTGCA,22
TAGCTTTGGCTGGTCGCTGGC,21
TAGAGTGATCGAAAGATGAAAAGC,24
TAGACGACATCGAAAAGAAGGC,22
TACTACATCCAAGGAAGGCAGCAGG,25
TACGTGAATAGGGTGAAGCCAGA,23
TACGTGAAATTGTTGAAAGGG,21
TACGGTCCTGTAAGTAGTAGAG,22
TACGAGAGGAACCGCTGATTCAGAT,25
TACGAGAGGAACCGCTGATTCAG,23
TACCGTCGTAGTCTTAACCATAAA,24
TAATTTGTAGAAGATGCTTCGG,22
TAATTGCGATAACGAACGAGACC,23
TAATTGAACGTGGACATTCGAATGT,25
TAATGATACGACAGAATTGAGCT,23
TAAGGTAGCCAAATGCCTCGTC,22
TAAGGGAAGTCGGCAAAATAGATCC,25
TAAGGATTGACAGATTGAGAGCTCT,25
TAAGCAACTATACTGTGAAACT,22
TAACGTCCTTAATGTGTTGAACC,23
TAACGAACGAGACCTTAACCTGCTA,25
TAACCGCAGCAGGTCTCCAAGG,22
TAAATTGGGATTCATTGTCTG,21
TAAATACTGATACAGGGCTCTT,22
GTTTAACGGTTGGTAGAGCTCG,22
GTTTAACGGTTGGTAGAGCT,20
GTTGTTACGATCTACTGAGGGTAA,24
GTTGGTAGAGCTCGACACCT,20
GTTGAGCTTGACTCTAGTTTGAC,23
GTTCCTGCCGAAGTTTCCCTCAGGA,25
GTTAGTCGATCCTAAGAGATAGGGA,25
GTTAGTCGATCCTAAGAGAT,20
GTGTTGATGGACGTCTGACCAGT,23
GTGTTGACGCAATGTGATTTCTGCC,25
GTGTGTCGGGGAACCAGGACTTT,23
GTGTCGGGGAACCAGGACTTT,21
GTGTCAAAGCCCAACTTCTAGC,22
GTGTAGAATAGGTGGGAGCGC,21
GTGGTTCTATTTTGTTGGTTT,21
GTGGTTCCGGTCTAAGTTCCT,21
GTGGCCATGGAAGTCGGAATCCGC,24
GTGAACAGCAGTTGGACATGGGTTA,25
GTGAACAGCAGTTGGACATGGGT,23
GTATTCAATTGTCAGAGGTGA,21
GTAGTCGGATACGAATAGGCC,21
GTAGTCGGATACGAATAGG,19
GTAATGTGAATTGCAGAATT,20
GTAACTGAACGCGGAGACGAC,21
GTAACGGTCCTATTGAAGAAACTCT,25
GGTTCCGGTCTAAGTTCCTTGGA,23
GGTCCTGTAAGTAGTAGAGT,20
GGTAGCCAAATGCCTCGTCATC,22
GGTAATCTTGTTAAACTCTGTC,22
GGGTGGAGAGAGTTCGGACATTC,23
GGGCTGATCCGGGTTGAAGACAT,23
GGGAAGTCGGCAAAATAGATCCGT,24
GGGAACCAGGACTTTTACTTTGA,23
GGCGGAAAGTTATCCAAACTT,21
GGCGATGCGGGATGAACCGAAC,22
GGATAGTCGGGGGCATCAGT,20
GGAGTGGGACAAGCTAGCTCAGA,23
GGACAAGGGGAATCTGACTGT,21
GCTTTCGGACTGCCTTAGGGA,21
GCTTCGGGTGTGGTTCCGGTCTAAG,25
GCTCGCAGCGGTTCTGACGTG,21
GCGTGCACTGGTCCGACCGGGT,22
GCGTATAGGGGCGAAAGACT,20
GCATCAGTATTCAATTGTCAGAGG,24
GCAGCAGGTCTCCAAGGTGA,20
GCAATGTAGCCTACTTGGACTGA,23
GCAACGTAACTGAACGCGGAGACG,24
GATTGAATGGCTAAGTGAGGC,21
GATTCTGATTCCGGAGATATTGGT,24
GAGTCTTGTAATTGGAATGAGTAC,24
GAGGAAAAGAAACCAACAGGGA,22
GACTTAATTGTGCTATACGGT,21
GACTGAGGACCGCGCTTCGGCT,22
GACTCTAGTTTGACATTGTGAAA,23
GACGTGTGGTTCTATTTTGTTGGT,24
GACGGTGGCCATGGAAGTCGGAA,23
GACGAGTCGAGTTGTTTGGG,20
GAATAGCTTTCAAGCCAGGTCGTAC,25
GAAGCAGAATTCGGTAAGCGTTGGA,25
GAACAGGACGTCATAGAGGG,20
GAAACTCTGGTGGAGGCTCG,20
CTTTCGGACTGCCTTAGGGA,20
CTTTCAAGCCAGGTCGTACTCAT,23
CTTGTTGTTACGATCTACTGAGG,23
CTTGTTAAACTCTGTCGTGCTG,22
CTTGTGCCGGCGATGGTTCA,20
CTTGGAACAGGACGTCATAGAGG,23
CTTCAAATCTTTGTAACACA,20
CTGGGTAATCTTGTTAAACTCT,22
CTGCCGAATGAACTAGCCCTG,21
CTCTAGTTTGACATTGTGAAAAGAC,25
CTCGTAGTTGAACCTTGGGCCT,22
CTCCAGTAGAACAAAAGGGTAA,22
CTCATTAAATCAGTTATCGTTTATT,25
CTAGGGTTTAACGGTTGGTAGAGCT,25
CTAAGTCAGAATCCATGCCA,20
CGTCCGGCGTACAATTAACAACCA,24
CGTAATGAAAGTGAACGCTGGTGA,24
CGGTGGCCATGGAAGTCGGA,20
CGGGGGGTGTTATAGCTCTAGGTG,24
CGGACTGCCTTAGGGAGGGTGGC,23
CGGACAAGGGGAATCTGACTG,21
CGCTAAGGAATGTGTAACAAC,21
CGCGGGCTGATCCGGGTTGA,20
CGATCTTGATGTCTTCGGATGG,22
CCTCGGATCAGGTAGGGATA,20
CCTAATATGCGAGTGTTTGGGT,22
CCGTATGTGACTGGATACCT,20
CCGGGTTGAAGACATTGTCAGGT,23
CCGGGTTGAAGACATTGTCAG,21
CCGGAGAAGGAGCCTGAGAAAC,22
CCCTGTTGAGCTTGACTCTAGTT,23
CCAGTAGAACAAAAGGGTAA,20
CATCGTAGTCGGATACGAATAGGCC,25
CATACACAAGCTTCAGATCGG,21
CAGGTCCAGACACAATAAGGATTGA,25
CAGGACGGTGGCCATGGAAGTC,22
CAGCATCGAGGGTTTGACGCT,21
CAGATCGGTAGATTAGTAGTT,21
CAGATCGGCAGATTAGTAGTT,21
CAGACTTCGGTCGTCCGGCGTACA,24
CACGGACCAAGGAGTGTACCTA,22
CACCTGCCGAATGAACTAGCCC,22
CACCCACTAATAGGGAACGTGAGCT,25
CACACATCGTAGTCGGATACG,21
CACAATAAGGATTGACAGATTGAG,24
CAATTGGAGGGCAAGTCTGG,20
CAAGTAGAGTGATCGAAAGATGAA,24
CAAGCTTCAGATCGGTGGATTAGT,24
CAACTTAGAACTGGTACGGACAAGG,25
ATTTGTAGAAGATGCTTCGGGTGTG,25
ATTGCAGAATTCAGTGAATCATC,23
ATTGACGGAAAGGCACCACCAGGC,24
ATTCAGCTTAGTACGAGAGGAA,22
ATTAACAACCAACTTAGAACT,21
ATGTGACTGGATACCTATGCTCAT,24
ATGTGACTGGATACCTATG,19
ATGTGAATTGCAGAATTCAGTGAAT,25
ATGTAGCCTACTTGGACTGA,20
ATGGTAGCACGTGACGTTGTG,21
ATGCTAAAAACCTCGACTTCGGAA,24
ATCTTGTTAAACTCTGTCGTGCT,23
ATCTACTGAGGGTAAGCCGTCCAT,24
ATCGGCAGATTAGTAGTTGGGTGG,24
ATCGAATCTTTGAACGCACA,20
ATCATCGAATCTTTGAACG,19
ATATGTAAGAAGTCCTTGTTA,21
ATAGTACCTTACTACATGGAT,21
ATACGGTCCTGTAAGTAGTAGAG,23
ATACCACTACCCTTATCGTTT,21
ATACACAAGCTTCAGATCGGTAG,23
ATAATAGAATAGGACGTGTGGTT,23
ATAAGGGAAGTCGGCAAAATAGAT,24
ATAAGGGAAGTCGGCAAAATA,21
AGTTTTATGAGGTAAAGCGAATGA,24
AGTTTTACCCTACTGATGACCGTCG,25
AGTTGGTGGAGTGATTTGTCTGCT,24
AGTTATCCAAACTTGGTCATTTAGA,25
AGTCGGAATCCGCTAAGGAATGTG,24
AGTCGATCCTAAGAGATAGGGAA,23
AGTCGATCCTAAGAGATAGGGA,22
AGTAGAGTGATCGAAAGATGAAAAG,25
AGTACGTGAAATTGTTGAAAGGGAA,25
AGGTAGGGATACCCGCTGAACT,22
AGGACTGAAGTGGGGAAAGGTTC,23
AGGACCGCGCTTCGGCTAGGA,21
AGGAAGTAAAAGTCGTAACAAGG,23
AGGAACCGCTGATTCAGATAAT,22
AGGAAAAGAAACCAACAGGGA,21
AGCTTGCGTTGATTACGTCCCTG,23
AGCTTGACTCTAGTTTGACATTGTG,25
AGCTTAGTACGAGAGGAACCGCT,23
AGCTACCATCTGCTGGATAATGGCT,25
AGCGGAGGAAAAGAAACCAACAG,23
AGCGCCGGTGAAATACCACTACC,23
AGCAGTTGGACATGGGTTAGTC,22
AGATCGGTAGATTAGTAGTTGGGTG,25
AGAGGGACTATCGGCTCAAGCC,22
AGAGAGTTAAACAGTACGTGAA,22
AGACCGATAGCGCACAAGTAGAG,23
AGACACAATAAGGATTGACA,20
ACTTATTCAATAAAGCGGAACT,22
ACTCTAGTTTGACATTGTGAAAA,23
ACTCACCTGCCGAATGAACTAGCC,24
ACGGACCAAGGAGTGTACCTA,21
ACGCTGGTGAGAACCCTTAAG,21
ACGCGCGCTACACTGACAGAG,21
ACCCATACCTCGCCGCCAGGGTA,23
ACCATCTGCTGGATAATGGCTGA,23
ACCATAGACTGAAGAGAATTGGG,23
ACATTGTGAAAAGACATAGG,20
ACAATAAATACTGATACAGGGCTC,24
ACAAGGGGAATCTGACTGTCT,21
AATTGTAATTTGTAGAAGATGCT,23
AATGTACCAACACTAGTGGG,20
AATGCGATAAGTAATGTGAATT,22
AATGATTAATAGGGATAGTCGGGGG,25
AATGAAAGTGAACGCTGGTGAGAA,24
AATCAAAGTCTTTGGGTTCTGGG,23
AATAAATACTGATACAGGGCTCT,23
AATAAAGCGGAACTGGGTGTCAAAG,25
AAGTGAGGCTTTCGGACTGCC,21
AAGTACCAACTGCTGTCTGATT,22
AAGGTAGCCAAATGCCTCGTCATCT,25
AAGGGGGACTCATGGAGAAC,20
AAGCTCAAATTTGAAATCTGGC,22
AAGACATAGGGGGTGTAGAAT,21
AACTCTGTCGTGCTGGGGATAG,22
AACGGGTAACGGGGAATTAGGGT,23
AACGGATCTCTTGGTTCTGGCA,22
AACCAGGACTTTTACTTTGA,20
AACAGAAATCTCCAGTAGAACAAA,24
AACACGGGGAAACTCACCAGGT,22
AAATTCTTGGATTTATTGAAGACT,24
AAATCTCCAGTAGAACAAAAGGGTA,25
AAATCAGTTATCGTTTATTTGA,22
AAAGTGAACGCTGGTGAGAACCCTT,25
AAAGCGGAACTGGGTGTCAAAGC,23
AAAGACATAGGGGGTGTAGA,20
AAACTCTGGTGGAGGCTCGCAGC,23
AAAAGACATAGGGGGTGTAGAAT,23
AAAACTTTCAACAACGGATCTC,22
AAAACCTCGACTTCGGAAGG,20
TTTTGTTGGTTTCTAGGACCGCC,23
TTTTGTGGGTGGTGGTGCATGG,22
TTTTGGTTTTGTCGTTCGGTT,21
TTTTGGTTTTGTCGTTCGGT,20
TTTTGGCAGACTTCGGTCGT,20
TTTTGAGTCTTGTAATTGGAATG,23
TTTTCTTAGGTCGCAGTTGTT,21
TTTTCGGATTATGTGCCTTTA,21
TTTTAGAGTCCGAATTGTAATTTGT,25
TTTTAAAGTGCGCACTTGTGC,21
TTTGTTTTCTTGATATTCTGGT,22
TTTGAGTAAGAGCATATTGGG,21
TTTGACTCGCTCGGCACCTCACGAG,25
TTTGAAGACAGGACAGTCCTT,21
TTTGAACGCACATTGCGCCCCTTG,24
TTTGAACGCACATTGCGCCCC,21
TTTCTTGATTTTGTGGGTGGTG,22
TTTCTGATTGGTTGCCGATTT,21
TTTCGACGAGTCGAGTTGTTTGGGA,25
TTTCAGTGTGAATACAAACCATGA,24
TTTCAACCCATATCCTGTAGTA,22
TTTAGAGTCCGAATTGTAATT,21
TTGTTTTCAGTTTTATGAGGTA,22
TTGTTGGTTTCTAGGACCGCC,21
TTGTTACTTAATTGAACGTGGA,22
TTGTGACGAAGCCTTGGGAGTG,22
TTGTCAGAGGTGAAATTCTTG,21
TTGTAGAAGATGCTTCGGGT,20
TTGTACTTCCTTGATTGTGGTC,22
TTGTAATTTGTAGAAGATGCTTCGG,25
TTGGTTCTGGCATCGATGAAGAA,23
TTGGTCATTTAGAGGAAGTAAAAGT,25
TTGGTCATTTAGAGGAAGTAAA,22
TTGGTATTGAGTCTATGTCAG,21
TTGGCCCTGAATCTTAGCTGG,21
TTGGCAGTCCATTCGAAGCTTC,22
TTGGATTGTTCACCCACTAATAGG,24
TTGGATCTGTTTCCTGAGGTG,21
TTGGACTGAGGACCGCGCTTCGG,23
TTGGAATGAGTACAATTTAAA,21
TTGGAATGAGTACAATTTAA,20
TTGCTAAGGCAGTGAGCTTGAG,22
TTGCGATAACGAACGAGACCT,21
TTGATACGGTGAATCCCAAGA,21
TTGAGGCTACAGGTTCGAGTCCT,23
TTGACGGAAAGGCACCACCAGGC,23
TTGAATCCTTTGCATACGACTT,22
TTGAACGTGGACATTCGAATGTACC,25
TTGAAAATCCGCGGGAAGGAAT,22
TTCTTTGTCATATATCTCGTAA,22
TTCTTGATTTTGTGGGTGGTGGT,23
TTCTTGATTTTGTGGGTGGTG,21
TTCTTAGTTGGTGGAGTGATTT,22
TTCTTAGAGGGACTATCGGCTCA,23
TTCTATTTTGTTGGTTTCTAGG,22
TTCTATTCCGGAGAAGGAGC,20
TTCGGATGGATTTGAGTAAGAGCA,24
TTCGGACTGCCTTAGGGAGGGTGGC,25
TTCGGACTGCCTTAGGGAGGGTG,23
TTCGATGTCGGCTCTTCCTATCATA,25
TTCGAATGTACCAACACTAGTGGGC,25
TTCCTTGATTGTGGTCGGCTGC,22
TTCCGGTCTAAGTTCCTTGG,20
TTCCGGGGGGCATGCCTGTTCG,22
TTCCGACGTAAGTATGAAGGA,21
TTCATAATAACTTAACGAATCGCAT,25
TTCAGATCGGTAGATTAGTAGTTGG,25
TTATTCAATAAAGCGGAACTG,21
TTATGGTTTCGGCCTCGTAGGTTCA,25
TTATCTTTTTGACTCGCTCGG,21
TTATCCAAACTTGGTCATTTAGAG,24
TTAGCTTGGTATTGAGTCTATG,22
TTAGAGTCCGAATTGTAATTTG,22
TTAGAGAATGTGGCCCTCTT,20
TTACTGGCGATAGTCGATGCA,21
TTACCCTCAGTAGATCGTAACA,22
TTAATTGAACGTGGACATTCGA,22
TTAATTGAACGTGGACATTCG,21
TTAATCAGTGAACGAAAGTTAGGGG,25
TTAACGGTTGGTAGAGCTCGACAC,24
TTAACGAGGAACAATTGGAGGGCA,24
TTAACCTATTCTCAAACTTTA,21
TTAAATATGTAAGAAGTCCTTGT,23
TTAAAGTTGTTGCAGTTAAA,20
TTAAAAAGCTCGTAGTTGAACC,22
TGTTTTTCTGATTGGTTGCCGA,22
TGTTGAGCTTGACTCTAGTTT,21
TGTTGAAAGGGAAGCGCTTGC,21
TGTTCCCGAGAGTTGGATGCA,21
TGTGTCGGGGAACCAGGACTTT,22
TGTGTACAATGTCCATTTCGA,21
TGTGGTTCTATTTTGTTGGTT,21
TGTGGTTCCGGTCTAAGTTCCTTGG,25
TGTGATGATGATCAGTTTATGCTT,24
TGTGATGATGATCAGTTTAT,20
TGTCTTGCCATCGTCATAACT,21
TGTCTGGACTGGGCTGATGG,20
TGTCGGCTCTTCCTATCATACC,22
TGTCCCTATCTACTATCTAGCGAA,24
TGTCATCATCCACGACTGTAAGG,23
TGTATGGTGTAATGGTTAGCACGT,24
TGTAGTAGGATCCTTTGAGAGTG,23
TGTAGAAGTTGACGAACCCT,20
TGTAGAAGATGCTTCGGGTGTGG,23
TGGTTTTCGGCTAAGAGCGTCG,22
TGGTTTCAACGGGTAACGGGGAAT,24
TGGTTGTAAGCGACCCGTCTT,21
TGGTTGGCCGGTCCGCCTCACC,22
TGGTTCCGGTCTAAGTTCCTT,21
TGGTTAGATAAAGGCTTA,18
TGGTGGAGTGATTTGTCTGCTTA,23
TGGTGATAGTTTTCGGGAATAG,22
TGGTCGTGAATGATAGGTGAGG,22
TGGTCGGCTGCTTCCATTCGAG,22
TGGTCATTTGACTCGGAATGT,21
TGGTCATCCACAGCCTCGGA,20
TGGTAACCATTACGTAGGTCCA,22
TGGGTCCTGAACGTAGTAAT,20
TGGGACAAGCTAGCTCAGAAT,21
TGGCTAAATTGTCGTCGATGT,21
TGGCGAGTAGGCAGGCGTGG,20
TGGCCAGAAAGTGGTGTTGACGCA,24
TGGCAGACTTCGGTCGTCCGGCGTA,25
TGGATTTGAGTAAGAGCATATTGG,24
TGGATTAGTAGTTGGGTGGGTG,22
TGGATATCCATGGGTTCAGT,20
TGGATACCTATGCTCATGTGAAGC,24
TGGATACCTATGCTCATGTG,20
TGGACTGGCCACTTGGGACGC,21
TGGAATACATTGTGGATCTTGTAGG,25
TGGAAAGCTGTTAAGTCTCTGC,22
TGCTTCCATTGTCTGATTGGT,21
TGCTGGCGTAATGGTTGTAAGC,22
TGCTCAGTTGTTCCAAAATAGC,22
TGCTAGGCCGAACCCCCTGAA,21
TGCGTGGGGTTGAATCCTTTG,21
TGCGTATGCGTGTGGCAGTAGC,22
TGCGGGATGAACCGAACGCGAGG,23
TGCGGGATGAACCGAACG,18
TGCGGATCAAATTGAAGAACTA,22
TGCGGATCAAATTGAAGAACT,21
TGCGAAGTTGAAGAGGAGTGTA,22
TGCGAAAACACTGGCAATCCGA,22
TGCCTATAGTTGGTGTAGCAAC,22
TGCCGAATGAACTAGCCCTGAAA,23
TGCATCATCGACCGATCTTGA,21
TGCAGACTGGTTAGATATTGA,21
TGCACTTTGGTTTTCTTGAATG,22
TGCAAAATGCTCTGTCTTGCCA,22
TGATTCTGGAGATATTGGTTC,21
TGATTCCGGAGATATTGGTTC,21
TGATGGGTAGATTAAGTTTTCT,22
TGATAGAACAATGTAGATAAGGGAA,25
TGAGTAGAATTGGCGATCTTA,21
TGAGGCTGTAGGTTCGAGCCCTA,23
TGAGCGCGCAGGCTGTGCTGT,21
TGAGAAATGCAGGCTTGAATT,21
TGACGCTCGAACAGGCATGCCC,22
TGACAGGACTCTTGGCTTGCAC,22
TGAATTGCAGAATTCAGTGAATC,23
TGAATTAGCTGACACTATGGTC,22
TGAATGATAGGTGAGGGATTCT,22
TGAATCTTAGCTGGCTGGTAACGGT,25
TGAATCCTTTGCATACGACTTAAT,24
TGAATAGGGTGAAGCCAGAGG,21
TGAAGTGGGGAAAGGTTCCATGTGA,25
TGAAGTGACAGTATCGATCAACT,23
TGAAGGCATAGTAGGATCGCC,21
TGAAGACATTGTCAGGTGGGGAGT,24
TGAACTTAAGCATATCAATAAGCGG,25
TGAACGAAAGTTAGGGGATCGAAG,24
TGAAATTGTTGAAAGGGAAG,20
TGAAAATCCGCGGGAAGGAA,20
TGAAAATCAAAATCAAGGGGA,21
TCTTTGGGTTCTGGGGGGAGT,21
TCTTTCGACGAGTCGAGTTGTT,22
TCTTCTAAAGCTAAATATTGGCCA,24
TCTTCAAATCTTTGTAACACACC,23
TCTGTGTCCTCGTTCAATTTGG,22
TCTGTGACATGGAATTCGCA,20
TCTGTAGAAGTTGACGAACCCT,22
TCTGAATGTCAAAGTGAAGTAATT,24
TCTCCACGGCAACGTAACTGAACG,24
TCTATCTTCATTTGTAGTGTA,21
TCTAGTTTGACATTGTGAAAAGACA,25
TCTAGTGCAGATCTTGGTGGTA,22
TCTAGCGTTTTCTGATCCTTT,21
TCTAGAGCTAATACATGCTAAAA,23
TCTAAGTCAGAATCCATGCCAGA,23
TCGTTGTGTGGTTTGGAGGGTGGA,24
TCGTTGTGTGGTTTGGAGGGT,21
TCGTTCATCCTGTAGTTGCGTC,22
TCGTGATTTGCTCGATACTGTC,22
TCGGGATGCGAAGCCTTAAGA,21
TCGGGAGTAGAATGCGATTGGC,22
TCGGATACGAATAGGCCTTTGGC,23
TCGGAGACTATGCCCTCTGGC,21
TCGCTACTACCGATTGAATG,20
TCGCGGACGCCTCTAGCGTGTC,22
TCGCGGACGCCTCTAGCGTGT,21
TCGCCGCCAGGGTAGAAACTATG,23
TCGAGGGACTAAAGGATCGATA,22
TCGAGAGCCAGAGGTATCTGAT,22
TCCTGCCGAAGTTTCCCTCAGGA,23
TCCGGTGCGCTCTCGACGTCCC,22
TCCGGGGGGCATGCCTGTTCG,21
TCCGGAGCTAGGGTTTAACGG,21
TCCGGAGAAGGAGCCTGAGAAA,22
TCCGACCATCTGACCTGTCGTC,22
TCCCGTATGTGACTGGATACCTAT,24
TCATTTAGAGGAAGTAAAAGTCGTA,25
TCATCGAATCTTTGAACGCAC,21
TCAGTTTGAGTGGTTAGATAA,21
TCAGTTGGTTAGAGCGTGGTG,21
TCAGTGGTAGAATTCTTGCTTT,22
TCAGTGAATCATCGAATCTTTG,22
TCAGGTTCTTTGTTGAAGCGGG,22
TCAGATCGGTGGATTAGTAGTT,22
TCAGATAATTGGTTTTTGCGGCTGT,25
TCACCGCGTGCACTGGTCCG,20
TCAATTAGCTGTACTTGCTCC,21
TCAATTACTCTAGCACTGTTGG,22
TCAAATTTGCGTATAGGGGCGA,22
TCAAATTTGAAATCTGGCTC,20
TCAAAGATTAAGCCATGCATGTCTA,25
TATTTCTTGTACTGTTCTGGTA,22
TATTCGACTAGTCAACGAGAA,21
TATTCAATTGTCAGAGGTGAA,21
TATTAAAGTTGTTGCAGTTAAAA,23
TATGGAGCGCATTGTGGATTC,21
TATCGCGTCGTACTCAATTCCT,22
TATCGATCAACTCTTCCAGACC,22
TATCGAGAGATGCGTGGGTTC,21
TATCCCTATTAATCATTACGGCG,23
TATCATGTACATGCCCCCGGA,21
TATCAGTTAGGGCCTAATCCGG,22
TATACCCACACATCGTAGTCGGA,23
TATACCCACACATCGTAGTC,20
TATAAGCAACTATACTGTGAAA,22
TAGTTTGACATTGTGAAAAGA,21
TAGTTGGCCATGGTCTCCGACC,22
TAGTTGATAGAACAATGTAG,20
TAGTTGAACCTTGGGCCTGGTTG,23
TAGTGCTCCTCTGCTCCAAGA,21
TAGTCCTAAAGAGTTTCTTCA,21
TAGTAGGAAGTCGGTTGATGGCA,23
TAGGGATCGGGCGATGTTAT,20
TAGGGATACCCGCTGAACTT,20
TAGGCTTTCGAGGATGTTGCTA,22
TAGGCCGTTGACACTAACTTT,21
TAGGCATCATTCTCTTCCTTGG,22
TAGGATGTCGTCCAAGTAGCATA,23
TAGGACCGCCGTAATGATTA,20
TAGGAAGTCGGTTGATGGCAT,21
TAGCTTTGGCTGGTCGCTGGCTTCT,25
TAGCTTGAGTTTCTCTGTCAT,21
TAGCGTATATTAAAGTTGTTGCA,23
TAGCCCTGAAAATGGATGGCG,21
TAGATAATCTCTGGTTCGTTG,21
TAGATAAAGGCTTAGAGAAT,20
TAGAAGTTGACGAACCCTAGA,21
TAGAACTTTTCAGCTCGACGG,21
TACTGAGGGTAAGCCGTCCA,20
TACTCTGGTTGTCCATCTTTTCC,23
TACGTCCCTGCCTTTTGTACACACC,25
TACGTCCCTGCCTTTTGTACAC,22
TACGGTGCATGTCGTGATGACT,22
TACGGTCCTGTAAGTAGTAG,20
TACGACGGATTCGCAAGTAAAA,22
TACGACCATAGACTGAAGAG,20
TACGACCATAGACTGAAGAA,20
TACCTGGTTGATTCTGCCAGTAGT,24
TACCGTCGTAGTCTTAACCA,20
TACATAGCCTACCACTTCCATT,22
TACAGTGATGAACAAAACATGTACT,25
TACACACCGCCCGTCGCTACTA,22
TACACAAGCTTCAGATCGGTAGA,23
TACAATTAACAACCAACTTAGAAC,24
TAATTGTGCTATACGGTCCTGTAA,24
TAATGGTTGTAAGCGACCCGT,21
TAATGGCAGGCTCTAAAATCAG,22
TAATGAAAGTGAACGCTGGTGAGAA,25
TAATGAAAGTGAACGCTGGTGAGA,24
TAATCAAGCGTTGGGCGACTT,21
TAATAGAATAGGACGTGTGGTTCT,24
TAAGGGTTGGGTACGTTGGGCCATT,25
TAAGCGGAGGAAAAGAAACCAAC,23
TAAGATCATTGGTTCGATTCCAGT,24
TAACTTTAACCTTCGGGAGGC,21
TAACTGCTTCGTTGTGGTGAAG,22
TAACGTGGTCAAGGGTGTAGTA,22
TAAAGTTGTTGCAGTTAAAAAG,22
TAAAGGCTTAGAGAATGTGG,20
TAAAAGTCGTAACAAGGTTTC,21
TAAAACTTTCAACAACGGATCTCTT,25
GTTTATTTGATAGTACCTTAC,21
GTTGTTACGATCTACTGAGG,20
GTTGGTTTCTAGGACCGCCGTA,22
GTTGGTGGAGTGATTTGTCTGCT,23
GTTGGGCCATTAGGGGATGCTCTTG,25
GTTGATAGAACAATGTAGATAAG,23
GTTGACGCAATGTGATTTCTG,21
GTTGAACCTTGGGCCTGGTTGG,22
GTTGAAAGGGAAGCGCTTGCAATC,24
GTTCTGGCATCGATGAAGAACG,22
GTTCTGGCATCGATGAAGAA,20
GTTCGATTCCTATTGGAAGGT,21
GTTCGATTCCTATTACGACCT,21
GTTCGACTCCCTGCCGCTCCA,21
GTTACGATCTACTGAGGGTAAGC,23
GTTAAACTCTGTCGTGCTGGGGATA,25
GTTAAACCCATACGCGTAATGAAA,24
GTTAAACCCATACGCGTAAT,20
GTTAAAAAGCTCGTAGTTGAACC,23
GTGTTGTTTTCAGTTTTATGA,21
GTGTGTCGGGGAACCAGGACTTTTA,25
GTGGTAGTAGCAAATACTCA,20
GTGGGGTTGAATCCTTTGCATACGA,25
GTGGCCTATCGATCCTTTAGTCC,23
GTGACTGGATACCTATGCTCATG,23
GTGACTGGATACCTATGCTCA,21
GTGACAATAAATACTGATACAGGG,24
GTGAATCATCGAATCTTTGAACGC,24
GTCTTTGGGTTCTGGGGGGAGTATG,25
GTCTTGTAATTGGAATGAGTAC,22
GTCTTCGGATGGATTTGAGTAAG,23
GTCTAACGGTCATGATTTCCGCT,23
GTCGCTACTACCGATTGAATGGC,23
GTCCTTCGCGGGCTGATCCGG,21
GTCCTATTGAAGAAACTCTTTAG,23
GTAGTTGAACCTTGGGCCTGGTT,23
GTAGAATAGGTGGGAGCGCA,20
GTAGAAACTATGCCCTGGCG,20
GTACCTTACTACATGGATAACCGTG,25
GTACCTGGATTTGGATTCTCC,21
GTACCTAATATGCGAGTGTTTGGGT,25
GTAATTGGAATGAGTACAATTT,22
GTAATCTTGTTAAACTCTGTCG,22
GTAACTGAACGCGGAGACGACGG,23
GTAAAAGTCGTAACAAGGTTTCCGT,25
GTAAAAGTCCCCTTGATTTTGA,22
GGTTTAACGGTTGGTAGAGCTCG,23
GGTTCTGGCATCGATGAAGAACG,23
GGTTAGTCGATCCTAAGAGAT,21
GGTGTGTCGGGGAACCAGGACTT,23
GGTGGAGAGAGTTCGGACATTC,22
GGTGCAATGTAGCCTACTTGGACT,24
GGTGAACAGCCTCTAGTTGATA,22
GGTCTAACGGTCATGATTTCC,21
GGTCGCTGGCTTCTTAGAGGGACT,24
GGTCCTTCGCGGGCTGATCCGGGTT,25
GGTCATTTAGAGGAAGTAAAA,21
GGTATTCCGGGGGGCATGCC,20
GGTAAGCCGTCCATAGCCTAGATT,24
GGTAAAGCGAATGATTAGAGGCCT,24
GGTAAAAGTCCCCTTGATTTTGATT,25
GGGTTGGGTACGTTGGGCCATTAGG,25
GGGTAATCTTGTTAAACTCTG,21
GGGTAACGGGGAATTAGGGTTC,22
GGGGGCATGCCTGTTCGAGCGTCA,24
GGGATAGTCGGGGGCATCAGTATT,24
GGGAATCTGACTGTCTAATTAA,22
GGGAAACTCCGTTTTAAAGTGCGC,24
GGCTTGTGGTTTAGTGGTATAAT,23
GGCTTGTGGTTTAGTGGTAT,20
GGCTCTTCCTATCATACCGA,20
GGCCTTTGGCCCTGAATCTTA,21
GGATTTGGATTCTCCACGGC,20
GGATTGGCTCTAAGGGTTGG,20
GGATTGACAGATTGAGAGCTCTTTC,25
GGATAGTCGGGGGCATCAGTATTCA,25
GGAGTGATCCCGGGTAGAACAGCC,24
GGAGACGACGGCGGGGGCCCCGGG,24
GGACGGTGGCCATGGAAGTCGGAA,24
GGAATAATAGAATAGGACGTGT,22
GGAAGTCGGAATCCGCTAAGG,21
GGAAGTAAAAGTCGTAACAAG,21
GCTTTCAAGCCAGGTCGTACTCAT,24
GCTGGTCGCTGGCTTCTTAGAG,22
GCTAGGGTTTAACGGTTGGTAGAG,24
GCGGGATGAACCGAACGCGAGGTT,24
GCGGAGCTGGTATGACATTT,20
GCGGAAAGTTATCCAAACTTGGT,23
GCGCTACACTGACAGAGCCAACGA,24
GCGCACAAGTAGAGTGATCGAAA,23
GCCTGGGAATCTTTGGAACCAAA,23
GCCTCTAGTTGATAGAACAATGTA,24
GCCTCAGATCGGTAGATTAG,20
GCCGATGGAAGTTTGAGGCA,20
GCCGACTAGGGATCGGGCGA,20
GCCAGCATCAGTTTGAGTGGTT,22
GCATGGAATAATAGAATAGGACGTG,25
GCATCGATGAAGAACGCAGCG,21
GCACTGGTCCGACCGGGTCTTTC,23
GATTTTGATTCTGGAGATAT,20
GATTTGAGTAAGAGCATATTGGGT,24
GATTAAGCCATGCATGTCTAAGTA,24
GATCTCTTGGTTCTGGCATCGA,22
GATCTACTGAGGGTAAGCCGT,21
GATATTGGTTCGATTCCTATTGGAA,25
GATAGTTCAGTGGTAGAATTCTT,23
GATAGAGCATTGCAATTATTG,21
GATACCGTCGTAGTCTTAAC,20
GATAACGAACGAGACCTTAA,20
GAGTTGTTTGGGAATGCAGC,20
GAGTGGTTAGATAAAGGCTTAGAG,24
GAGTGATCGAAAGATGAAAAGCA,23
GAGTCGAGTTGTTTGGGAATG,21
GAGGTAGTGACAATAAATACTGAT,24
GAGGCTTTCGGACTGCCTTAG,21
GAGGCACTGTGTTCGATCCA,20
GAGGAAGTAAAAGTCGTAACA,21
GAGGAAAAGAAACCAACAGGGATT,24
GAGATATTGGTTCGATTCCTATT,23
GAGAGCTCTTTCTTGATTTTGTG,23
GAGACCGATAGCGCACAAGTAGAG,24
GACTAGGGATCGGGCGATGTTATC,24
GACTAGGGATCGGGCGATGTTAT,23
GACGGAAAGGCACCACCAGGC,21
GACGAGTCGAGTTGTTTGGGAA,22
GACAGCAGGACGGTGGCCATGG,22
GACACAATAAGGATTGACAGATT,23
GACAATAAATACTGATACAG,20
GAATTCGGTAAGCGTTGGATTGT,23
GAATCCCGTATGTGACTGGATA,22
GAATCATCGAATCTTTGAA,19
GAATAGGGTGAAGCCAGAGG,20
GAAGTCCTTGTTACTTAATTGAA,23
GAACTAGCCCTGAAAATGGATGGCG,25
GAACGTGGACATTCGAATGTACCAA,25
GAACGCTGGTGAGAACCCTTAAGG,24
GAACGCTGGTGAGAACCCTT,20
GAACGCGGAGACGACGGCGGGG,22
GAACAGGACGTCATAGAGGGTGAG,24
GAAATTGACGGAAAGGCACCA,21
GAAATCTCCAGTAGAACAAAAGGGT,25
GAAAGTGAACGCTGGTGAGAACCC,24
GAAAGATGGTGATCTATACGTGAAT,25
GAAACGGCTACTACATCCAAGGAA,24
CTTTTAGAGTCCGAATTGTAAT,22
CTTTGGCCCTGAATCTTAGCTGGC,24
CTTTCTTGATTTTGTGGGTG,20
CTTGTTACTTAATTGAACGTG,21
CTTGTTAAACTCTGTCGTGCTGGG,24
CTTGGTTCTGGCATCGATGAAGA,23
CTTGGTGGTAGTAGCAAATACT,22
CTTGCGTTGATTACGTCCCTGC,22
CTTGCACTTGGTGTTCATCAGGGT,24
CTTGCACTTGGTGTTCATCAGGG,23
CTTCTTAGAGGGACTATCGGCTCAA,25
CTTCTGGGGAGCCGCATGCC,20
CTTCGGCTAGGATGCTGGCGTA,22
CTTCGGATGGATTTGAGTAAGAG,23
CTTCGCGGGCTGATCCGGGTTGA,23
CTTAGTTGGTGGAGTGATTTGTCT,24
CTTAGTTGGTGGAGTGATTTGTC,23
CTTAGTTGGTGGAGTGATTT,20
CTTAGTACGAGAGGAACCGCT,21
CTTAATTGTGCTATACGGTCCTGTA,25
CTTAAGCATATCAATAAGCGGAGGA,25
CTTAAAGAAATTGACGGAAAGGC,23
CTGTTGAGCTTGACTCTAGTTTGA,24
CTGTTGAGCTTGACTCTAGTTT,22
CTGTCGTGCTGGGGATAGAG,20
CTGTCGGGCCCGGTGCGCTC,20
CTGGTACGGACAAGGGGAATCTGA,24
CTGCCTTTTGTACACACCGCCCGTC,25
CTCTTTTCTTCTTAACAGCC,20
CTCTTTAGGACTAACTGGCGTCTT,24
CTCTTCGGGGGGTGTTATAGCTCTA,25
CTCTGTCGGGTCCGGTGCGCTCTCG,25
CTCTCGGTCGTCTAGTTGGT,20
CTCTAGGTGCAATGTAGCCTACT,23
CTCCGTTTTAAAGTGCGCACT,21
CTCATAACCGCAGCAGGTCTCCAA,24
CTAGTTGATAGAACAATGTAGATA,24
CTAGTAGCTGGTTCCTGCCGAAGT,24
CTACCGATTGAATGGCTAAGT,21
CTACCATCTGCTGGATAATGGC,22
CTACATCCAAGGAAGGCAGCA,21
CTAAGTGAGGCTTTCGGACTGC,22
CTAACGGTCATGATTTCCGCT,21
CGTTCTTAGTTGGTGGAGTGATT,23
CGTGTGGTTCTATTTTGTTGG,21
CGTGGTAATTCTAGAGCTAATACAT,25
CGTCGCCGCAATGGTAATTCAGCTT,25
CGTATGTGACTGGATACCTATG,22
CGTAGTTGAACCTTGGGCCTGGT,23
CGTACAATTAACAACCAACTTAGAA,25
CGTAACTGAACGCGGAGACGACGGC,25
CGGTGGCCATGGAAGTCGGAATC,23
CGGGGGAATTTTTGATTGCTT,21
CGGGCGATGTTATCTTTTTGA,21
CGGCTACTACATCCAAGGAAGGCA,24
CGGCTACTACATCCAAGGAAGG,22
CGGCAACGTAACTGAACGCGGAGA,24
CGGATTTTGACTGTGGGGTG,20
CGGAGCTAGGGTTTAACGGTTGGTA,25
CGGACAAGGGGAATCTGACT,20
CGGAAGGGGTGTATTTATTAGA,22
CGCTCTGCCATACACAAGCTTCAGA,25
CGCAGCGGTTCTGACGTGCAA,21
CGATCAGATACCGTCGTAGTCTT,23
CGATAGCGCACAAGTAGAGTGATC,24
CGATAAGTAATGTGAATTGCAGAAT,25
CGATAAGTAATGTGAATTGCAGA,23
CGAGTTGTTTGGGAATGCAG,20
CGAGTCGAGTTGTTTGGGAATGCA,24
CGAGTCGAGTTGTTTGGGAATGC,23
CGAGGGTTTGACGCTTTTGGCA,22
CGACTTAATTGTGCTATACGGTC,23
CGACGAGTCGAGTTGTTTGGG,21
CGAAATGCGATAAGTAATGTGAATT,25
CGAAAGTTAGGGGATCGAAGA,21
CGAAAGGTCTGGGTAATCTTGTT,23
CGAAAGGTCTGGGTAATCTT,20
CCTTGTTGTTACGATCTACTGAGG,24
CCTTGTGCCGGCGATGGTTCAT,22
CCTCAGATCGGCAGATTAGTAGTT,24
CCTAAGGGGGACTCATGGAGA,21
CCGTATGTGACTGGATACCTA,21
CCGGTACCTGGATTTGGATTCTCCA,25
CCGGGTTGAAGACATTGTCAGGTGG,25
CCGGGTAGAACAGCCTCTAGT,21
CCGGAGCTAGGGTTTAACGG,20
CCGCTGATTCAGATAATTGGT,21
CCGCTAAGGAATGTGTAACA,20
CCGCGTGCACTGGTCCGACCG,21
CCGCGAAGCTACCATCTGCTGGAT,24
CCGCCGTAATGATTAATAGGGA,22
CCGCAGCAGGTCTCCAAGGTG,21
CCGAATTGTAATTTGTAGAAG,21
CCATCTGCTGGATAATGGCTG,21
CCATAGACTGAAGAGAATTGGG,22
CCAGGACTTTTACTTTGAAAAA,22
CCAGAGACCGATAGCGCACAAGTAG,25
CCAGAGACCGATAGCGCACA,20
CCACTCGTGTAGGAAACTCAC,21
CCACACATCGTAGTCGGATAC,21
CCAACTTCTAGCATTAAGGTC,21
CATTGGTTCGATTCCAGTAGTGGGC,25
CATTGGTTCGATTCCAGTAATAGG,24
CATTAGCATGGAATAATAGAATAGG,25
CATTAAATCAGTTATCGTTTATT,23
CATGGGTTAGTCGATCCTAAGAGA,24
CATGGGTTAGTCGATCCTAAGA,22
CATGGAATAATAGAATAGGAC,21
CATGGAAGTCGGAATCCGCTA,21
CATGCTAAAAACCTCGACTTCGGA,24
CATCGATGAAGAACGCAGCGAA,22
CATCATCGACCGATCTTGATG,21
CATCAGTATTCAATTGTCAGAGGT,24
CATAGACTGAGGAGAATTGGG,21
CATAGACTGAGGAGAATTGG,20
CATAGACTGAAGAGAATTGGGCA,23
CAGTTTGAGTGGTTAGATAAAGGC,24
CAGTGTGAATACAAACCATGAA,22
CAGTGAATCATCGAATCTTTGAACG,25
CAGTATTCAATTGTCAGAGGTGAAA,25
CAGTAGAACAAAAGGGTAAAAGTCC,25
CAGTACGTGAAATTGTTGAAAGG,23
CAGTAACGGCGAGTGAAGCGGTAAA,25
CAGGTCGTACTCATAACCGCA,21
CAGGCGTGGAGGTTGTGACG,20
CAGGACTTTTACTTTGAAAAA,21
CAGGACGGTGGCCATGGAAGT,21
CAGCTTGCGTTGATTACGTCC,21
CAGCCTATCACCCTGAAATC,20
CAGCAGGTCTCCAAGGTGAAC,21
CAGATTGAGAGCTCTTTCTTGATT,24
CAGATCGGTGGATTAGTAGTTGG,23
CAGATCGGTAGATTAGTAGTTGGG,24
CAGAAATCTCCAGTAGAACAAA,22
CACTACCCTTATCGTTTTTT,20
CACGCGCGCTACACTGACAGA,21
CACCAGGTCCAGACACAATAAGGA,24
CACAAGCCTCAGATCGGTAGA,21
CAATGCCCTTCGGGGCTCCCTGGT,24
CAACTTACCGCCGGCTGCTACATAC,25
CAACGGGTAACGGGGAATTAGGG,23
CAACGGGTAACGGGGAATTAGG,22
CAAACTTGGTCATTTAGAGG,20
ATTTTGTGGGTGGTGGTGCA,20
ATTTGCGTATAGGGGCGAAAGACTA,25
ATTTGAGGCTAGAGGTGCCAGAAA,24
ATTGGCTCTAAGGGTTGGGTAC,22
ATTGGAATGAGTACAATTTA,20
ATTGCGATAACGAACGAGAC,20
ATTGATATTTGAAAGCGTGGTA,22
ATTCTGCCAGTAGTCATATGC,21
ATTCTCCACGGCAACGTAAC,20
ATTAGAGGCCTTGGGGTT,18
ATTACGTCCCTGCCTTTTGT,20
ATTAATAGGGATAGTCGGGGGCAT,24
ATTAAAACATAGCATTGCGATGGCC,25
ATGTGAATTGCAGAATTCAGTGA,23
ATGTCTTCGGATGGATTTGAG,21
ATGGTGTAGTGGCTAGCATTTC,22
ATGGCTGAACGCCTCTAAGTCAGAA,25
ATGGCTCATTAAATCAGTTATCGTT,25
ATGGCTAAGTGAGGCTTTCGGACT,24
ATGGAAGTCGGAATCCGCTA,20
ATGACAGGACTCTTGGCTTGCA,22
ATGAAAAGCACTTTGGAAAGAGAG,24
ATCTTTTTGACTCGCTCGGCACC,23
ATCTAGTAGCTGGTTCCTGC,20
ATCGGTTTGTCCGGAGCTAGGGTT,24
ATCGATGATGAATCCTGAGA,20
ATCGAATCTTTGAACGCACATT,22
ATCCCGTCCGCTCTGCCATACA,22
ATCATCGACCGATCTTGATG,20
ATCATCGAATCTTTGAACGCAC,22
ATCAGATACCGTCGTAGTCTTAAC,24
ATATTGGGTGCGACCCGAAAGA,22
ATATTCCGGTACCTGGATTTGGATT,25
ATATGTAAGAAGTCCTTGTTACT,23
ATATACGACCATAGACTGAAG,21
ATATACGACCATAGACTGAA,20
ATAGTTCAGTGGTAGAATTCTT,22
ATAGCTTTCAAGCCAGGTCGT,21
ATAGCGCACAAGTAGAGTGATC,22
ATAGAACAATGTAGATAAGGGA,22
ATACGACTTAATTGTGCTATACGGT,25
ATACGACCATAGACTGAGGAG,21
ATACGACCATAGACTGAAGAGAATT,25
ATACGACCATAGACTAAGGAGA,22
ATACCGTCGTAGTCTTAACCATAAA,25
ATACCCACACATCGTAGTCGGAT,23
ATAAGCGGAGGAAAAGAAACCAACA,25
ATAAGCAACTATACTGTGAAACT,23
AGTTTGAGTGGTTAGATAAAGGCTT,25
AGTTAAAACTTTCAACAACGG,21
AGTGTTCAAAGCAGGCCTATGCTC,24
AGTGCAGATCTTGGTGGTAGT,21
AGTGAATCATCGAATCTTTGAAC,23
AGTGAAGCGGTAAAAGCTCAAATT,24
AGTGAACGAAAGTTAGGGGATC,22
AGTCGGCAAAATAGATCCGTAAC,23
AGTCGGAATCCGCTAAGGAAT,21
AGTCGAGTTGTTTGGGAATGCAG,23
AGTAAGAGCATATTGGGTGCGA,22
AGGTTCGATTCCTAGAACGGG,21
AGGTGAAATTCTTGGATTTATTGAA,25
AGGTCTGGGTAATCTTGTTA,20
AGGTCCTGGGATCGTGCCCCA,21
AGGTAGCCAAATGCCTCGTC,20
AGGGATCGGGCGATGTTATCT,21
AGGCTCGCAGCGGTTCTGAC,20
AGGCAGGCGTGGAGGTTGTGAC,22
AGGACCGCGCTTCGGCTAGGATGCT,25
AGGAAGTAAAAGTCGTAACAAG,22
AGGAAGTAAAAGTCGTAACA,20
AGGAACCGCTGATTCAGATA,20
AGGAAAGACCCGGTCGGACCA,21
AGGAAACTCACGATGCTGCGGTT,23
AGCTTTCAAGCCAGGTCGTA,20
AGCTTGCGTTGATTACGTCCCT,22
AGCTTGACTCTAGTTTGACAT,21
AGCTCAAATTTGAAATCTGGCT,22
AGCGTTGGATTGTTCACCCACTAAT,25
AGCGCTTGCAATCAGACTTGCACT,24
AGCGAATCCCTGCTGTTGTATGT,23
AGCCAGGTCGTACTCATAACCG,22
AGCATGGAATAATAGAATAGGA,22
AGCATCAGTTTGAGTGGTTA,20
AGCAACTATACTGTGAAACT,20
AGATTAGTAGGAAGTCGGTTGA,22
AGATTAAGCCATGCATGTCTAAGT,24
AGATCGGTAGATTAGTAGTT,20
AGATCGGCAGATTAGTAGTTGG,22
AGATCCTAGGTTCGATTCCT,20
AGAGTGATCGAAAGATGAAAAGCAC,25
AGAGGGATTCTGTAGTTCGAAT,22
AGAGAGGGGTAGTATGTTGAC,21
AGACCGATAGCGCACAAGTAGAGT,24
AGACACAATAAGGATTGACAGAT,23
AGAAGATGCTTCGGGTGTGGTTCCG,25
AGAAAGTGGTGTTGACGCAATGTG,24
ACTTGCACTTGGTGTTCATCAGGGT,25
ACTTAACGAATCGCATGGCC,20
ACTGTCCCTATCTACTATCT,20
ACTGGCGATGCGGGATGAACCGAAC,25
ACTGGATACCTATGCTCATGTG,22
ACTGAAGTGGGGAAAGGTTCCATGT,25
ACTCAAATGAGAACTTTGAG,20
ACTATGCCGACTAGGGATCGG,21
ACGTGGACATTCGAATGTACCAAC,24
ACGTGAAATTGTTGAAAGGGAAG,23
ACGTCATAGAGGGTGAGAAT,20
ACGGTCCTGTAAGTAGTAGAGTAGC,25
ACGAGTCGAGTTGTTTGGGAATGC,24
ACGACTTAATTGTGCTATACGG,22
ACGACCATAGACTGAGGAGA,20
ACGAACGAGACCTTAACCTGCTA,23
ACCTGCCGAATGAACTAGCCCTGA,24
ACCGCTGATTCAGATAATTGGTTTT,25
ACCGCCCGTCGCTACTACCGA,21
ACCGCAGCAGGTCTCCAAGGT,21
ACCCTGTTGAGCTTGACTCTAGTTT,25
ACCCTGTTGAGCTTGACTCTAGTT,24
ACCCACTAATAGGGAACGTGAGCTG,25
ACCAACTTAGAACTGGTACGGACAA,25
ACATTCGTTGTGTGGTTTGGA,21
ACATGCTAAAAACCTCGACT,20
ACAGTACGTGAAATTGTTGAAA,22
ACAGGGATTACCTCAGTAACG,21
ACACTGACAGAGCCAACGAGTT,22
ACACAATAAGGATTGACAGATTGA,24
ACACAAGCTTCAGATCGGTGGATTA,25
ACAATAAGGATTGACAGATTGA,22
ACAATAAATACTGATACAGGGCTCT,25
ACAAGCTTCAGATCGGTAGA,20
AATTTTACAATGCGTGGGGTTGAA,24
AATTTTACAATGCGTGGGGTTGA,23
AATTTGAGGCTAGAGGTGCCAGA,23
AATTGAACGTGGACATTCGAATG,23
AATTCTAGAGCTAATACATGCT,22
AATTCAGCTTAGTACGAGAGGAAC,24
AATGTGAATTGCAGAATTCAGTG,23
AATGAGAACTTTGAGGACTGAAGT,24
AATCTTGTTAAACTCTGTCG,20
AATCCTTTGCATACGACTTAAT,22
AATCATCGAATCTTTGAACGCA,22
AATCACAAGGTTGCGGGTTC,20
AATAGCTTTCAAGCCAGGTCGT,22
AATAGAATAGGACGTGTGGTTCT,23
AATACTGATACAGGGCTCTTTT,22
AATACATTAGCATGGAATAATAGAA,25
AATAACTTAACGAATCGCATG,21
AAGTGTGGCCTATCGATCCTTTA,23
AAGTCGGCAAAATAGATCCGTAAC,24
AAGTCGGAATCCGCTAAGGAA,21
AAGGTGGAGGTTCGTGTTCGA,21
AAGGGGGACTCATGGAGAACAG,22
AAGGGAAGCGCTTGCAATCAGACT,24
AAGCTTCAGATCGGTGGATTAGTAG,25
AAGCTCAAATTTGAAATCTGGCT,23
AAGCGAATGATTAGAGGCCTT,21
AAGATGAAAAGCACTTTGGAAAGA,24
AAGATGAAAAGCACTTTGGAAA,22
AAGAGAGTTAAACAGTACGTGAA,23
AAGACATAGGGGGTGTAGAA,20
AACTTTCAACAACGGATCTCT,21
AACTATGCCGACTAGGGATCGGGC,24
AACGGTTGGTAGAGCTCGACACCTC,25
AACGGGTAACGGGGAATTAGGG,22
AACGCAGGTGTCCTAAGGGG,20
AACGAACGAGACCTTAACCTG,21
AACGAAAGTTAGGGGATCGAAGA,23
AACCGTGGTAATTCTAGAG,19
AACATAGCATTGCGATGGCCA,21
AACAACCAACTTAGAACTGGTACGG,25
AAATATGTAAGAAGTCCTTGT,21
AAAGTTGTTGCAGTTAAAAA,20
AAAGTTGTAGTTGGCCATGGT,21
AAAGCACTTTGGAAAGAGAGTTAAA,25
AAAGAAATTGACGGAAAGGCA,21
AAACTTAAAGAAATTGACGGAAA,23
AAACAGTACGTGAAATTGTTGAA,23
AAAATTAGAGTGTTCAAAGC,20
AAAAGTCGTAACAAGGTTTCC,21
AAAAGTCGTAACAAGGTTTC,20
AAAAGCTCAAATTTGAAATCTGG,23
AAAAATGGGTTTGAAGAGCTTG,22
